timestamp,load_mw,temp_c,humidity,wind_ms,rain_mm,outage,duration_min
2025-10-26 00:00:00,59.796,23.73,62.64,2.93,0.0,0,0.0
2025-10-26 01:00:00,59.044,21.15,61.0,2.77,0.0,0,0.0
2025-10-26 02:00:00,60.141,22.27,57.44,3.46,0.0,0,0.0
2025-10-26 03:00:00,57.183,21.46,57.2,2.74,0.0,0,0.0
2025-10-26 04:00:00,56.681,17.03,61.34,3.34,0.0,0,0.0
2025-10-26 05:00:00,59.952,16.98,58.26,4.22,0.0,0,0.0
2025-10-26 06:00:00,62.057,18.06,61.79,4.59,0.0,0,0.0
2025-10-26 07:00:00,66.099,17.12,71.25,3.19,0.0,0,0.0
2025-10-26 08:00:00,65.726,17.35,70.06,3.21,0.0,0,0.0
2025-10-26 09:00:00,69.197,16.48,63.69,4.57,0.0,0,0.0
2025-10-26 10:00:00,64.547,18.96,65.26,3.01,0.0,0,0.0
2025-10-26 11:00:00,65.45,19.47,64.83,3.68,2.66,0,0.0
2025-10-26 12:00:00,67.147,19.45,68.76,2.32,0.0,0,0.0
2025-10-26 13:00:00,60.044,21.68,58.53,1.96,0.0,0,0.0
2025-10-26 14:00:00,66.318,21.93,59.29,1.27,0.0,0,0.0
2025-10-26 15:00:00,62.32,21.37,59.7,1.7,0.0,0,0.0
2025-10-26 16:00:00,65.001,23.81,54.33,1.72,0.0,0,0.0
2025-10-26 17:00:00,68.941,23.05,58.89,0.13,0.0,0,0.0
2025-10-26 18:00:00,76.737,25.89,65.64,0.49,0.0,0,0.0
2025-10-26 19:00:00,79.2,25.17,66.58,1.3,0.0,0,0.0
2025-10-26 20:00:00,78.427,25.15,54.56,0.82,0.0,0,0.0
2025-10-26 21:00:00,76.048,24.41,60.22,0.84,0.0,0,0.0
2025-10-26 22:00:00,71.788,26.3,57.94,2.06,0.0,0,0.0
2025-10-26 23:00:00,64.377,24.01,60.93,2.47,1.52,0,0.0
2025-10-27 00:00:00,63.213,22.87,62.6,1.93,4.1,0,0.0
2025-10-27 01:00:00,65.178,21.99,55.11,2.72,0.0,0,0.0
2025-10-27 02:00:00,68.102,22.02,67.42,2.22,0.0,0,0.0
2025-10-27 03:00:00,62.317,20.78,70.13,2.72,0.0,0,0.0
2025-10-27 04:00:00,68.243,19.88,65.88,3.57,0.0,0,0.0
2025-10-27 05:00:00,61.473,19.07,66.47,3.67,0.0,0,0.0
2025-10-27 06:00:00,69.306,20.49,63.63,3.12,0.0,0,0.0
2025-10-27 07:00:00,69.859,17.03,62.8,3.22,0.0,0,0.0
2025-10-27 08:00:00,71.416,16.77,60.18,2.86,0.0,0,0.0
2025-10-27 09:00:00,73.509,16.54,66.84,3.53,0.0,0,0.0
2025-10-27 10:00:00,71.085,18.66,57.48,1.77,3.48,0,0.0
2025-10-27 11:00:00,72.822,19.91,68.42,1.98,0.0,0,0.0
2025-10-27 12:00:00,69.354,19.24,62.77,1.08,0.0,0,0.0
2025-10-27 13:00:00,71.827,19.34,62.62,2.06,3.72,0,0.0
2025-10-27 14:00:00,73.044,20.39,60.67,0.37,0.0,0,0.0
2025-10-27 15:00:00,72.895,23.2,68.62,1.16,0.0,1,169.4
2025-10-27 16:00:00,72.689,24.27,56.06,1.88,0.0,0,0.0
2025-10-27 17:00:00,75.318,24.86,55.35,1.76,0.0,0,0.0
2025-10-27 18:00:00,84.916,24.05,56.06,0.1,0.0,0,0.0
2025-10-27 19:00:00,86.479,25.52,62.56,0.93,0.0,0,0.0
2025-10-27 20:00:00,84.297,25.52,67.57,0.31,0.0,0,0.0
2025-10-27 21:00:00,78.478,25.51,56.23,0.42,0.0,0,0.0
2025-10-27 22:00:00,77.921,25.89,66.05,1.38,0.0,0,0.0
2025-10-27 23:00:00,74.517,24.48,57.49,2.55,0.0,0,0.0
2025-10-28 00:00:00,62.857,24.21,63.19,2.56,0.0,0,0.0
2025-10-28 01:00:00,63.391,22.51,55.1,2.16,0.0,0,0.0
2025-10-28 02:00:00,61.245,21.74,62.39,3.37,0.0,0,0.0
2025-10-28 03:00:00,64.149,21.12,65.15,1.91,0.0,0,0.0
2025-10-28 04:00:00,68.44,17.65,65.46,3.05,0.0,0,0.0
2025-10-28 05:00:00,68.245,18.18,60.66,3.15,0.0,0,0.0
2025-10-28 06:00:00,68.76,17.37,70.01,3.75,0.0,0,0.0
2025-10-28 07:00:00,64.322,16.76,72.49,3.53,0.0,0,0.0
2025-10-28 08:00:00,70.803,17.06,64.65,3.41,0.0,0,0.0
2025-10-28 09:00:00,74.114,19.32,65.94,3.16,0.0,0,0.0
2025-10-28 10:00:00,72.557,16.89,69.72,2.96,0.0,0,0.0
2025-10-28 11:00:00,70.908,19.73,59.79,2.91,0.0,0,0.0
2025-10-28 12:00:00,70.266,17.37,70.54,2.29,0.0,0,0.0
2025-10-28 13:00:00,66.927,19.96,60.23,1.64,0.0,0,0.0
2025-10-28 14:00:00,69.882,21.59,66.68,1.69,0.0,0,0.0
2025-10-28 15:00:00,70.926,23.13,55.8,1.64,0.0,0,0.0
2025-10-28 16:00:00,73.16,24.25,57.78,0.57,0.0,0,0.0
2025-10-28 17:00:00,83.405,25.17,60.9,0.72,0.0,0,0.0
2025-10-28 18:00:00,80.081,24.44,61.21,1.4,0.0,0,0.0
2025-10-28 19:00:00,77.122,24.7,65.93,0.1,0.0,0,0.0
2025-10-28 20:00:00,86.667,26.42,67.09,1.98,0.0,0,0.0
2025-10-28 21:00:00,75.978,25.03,54.59,0.34,0.0,0,0.0
2025-10-28 22:00:00,76.89,23.33,58.07,1.24,0.0,1,31.3
2025-10-28 23:00:00,69.494,22.86,59.65,1.24,0.0,0,0.0
2025-10-29 00:00:00,68.832,22.31,61.8,3.51,11.58,0,0.0
2025-10-29 01:00:00,63.956,23.04,61.58,2.29,0.0,0,0.0
2025-10-29 02:00:00,67.049,21.58,67.9,2.65,0.0,0,0.0
2025-10-29 03:00:00,65.146,21.2,66.84,3.04,3.36,0,0.0
2025-10-29 04:00:00,62.331,18.9,56.95,3.56,0.0,0,0.0
2025-10-29 05:00:00,66.603,18.77,63.56,3.45,0.0,0,0.0
2025-10-29 06:00:00,67.326,18.7,66.05,3.62,0.0,0,0.0
2025-10-29 07:00:00,65.533,17.17,64.6,1.53,0.0,0,0.0
2025-10-29 08:00:00,70.569,17.96,59.19,3.53,0.0,0,0.0
2025-10-29 09:00:00,80.38,16.75,63.91,3.27,0.0,0,0.0
2025-10-29 10:00:00,68.066,17.51,63.67,3.57,0.0,0,0.0
2025-10-29 11:00:00,71.171,18.12,59.94,3.37,0.0,0,0.0
2025-10-29 12:00:00,68.977,17.97,68.56,2.09,0.0,0,0.0
2025-10-29 13:00:00,73.313,20.96,60.25,2.3,0.88,0,0.0
2025-10-29 14:00:00,66.769,20.85,64.33,0.79,0.0,0,0.0
2025-10-29 15:00:00,72.607,22.46,62.26,1.6,1.71,0,0.0
2025-10-29 16:00:00,77.501,23.99,66.77,0.56,0.0,1,73.2
2025-10-29 17:00:00,77.691,24.77,54.97,0.1,0.0,0,0.0
2025-10-29 18:00:00,78.901,25.67,54.31,0.59,0.0,0,0.0
2025-10-29 19:00:00,82.191,25.15,57.41,1.59,0.81,0,0.0
2025-10-29 20:00:00,80.421,24.9,59.53,1.01,0.0,0,0.0
2025-10-29 21:00:00,77.633,25.18,57.37,2.04,0.0,1,113.2
2025-10-29 22:00:00,78.542,22.85,65.74,1.0,2.93,0,0.0
2025-10-29 23:00:00,72.007,22.5,58.18,2.44,0.0,0,0.0
2025-10-30 00:00:00,64.684,21.84,56.17,1.81,0.0,0,0.0
2025-10-30 01:00:00,64.585,21.26,61.45,2.72,0.0,0,0.0
2025-10-30 02:00:00,66.879,21.9,66.46,3.08,0.0,0,0.0
2025-10-30 03:00:00,67.84,19.3,69.18,3.66,0.0,0,0.0
2025-10-30 04:00:00,64.349,18.97,67.62,3.65,0.0,0,0.0
2025-10-30 05:00:00,68.346,20.15,64.28,3.21,0.0,0,0.0
2025-10-30 06:00:00,65.078,17.53,68.34,4.23,0.0,0,0.0
2025-10-30 07:00:00,65.224,18.44,67.15,4.69,0.0,0,0.0
2025-10-30 08:00:00,76.612,16.3,61.73,3.15,0.0,0,0.0
2025-10-30 09:00:00,72.688,17.31,65.87,2.16,0.0,0,0.0
2025-10-30 10:00:00,73.722,16.82,69.47,3.25,0.0,0,0.0
2025-10-30 11:00:00,67.724,18.19,61.84,2.39,0.0,0,0.0
2025-10-30 12:00:00,66.564,20.43,65.55,2.12,0.0,0,0.0
2025-10-30 13:00:00,66.615,18.32,64.23,2.15,0.0,0,0.0
2025-10-30 14:00:00,71.174,21.94,62.38,1.18,0.0,0,0.0
2025-10-30 15:00:00,69.961,22.74,55.7,0.98,0.0,0,0.0
2025-10-30 16:00:00,74.493,22.71,64.37,0.84,0.0,0,0.0
2025-10-30 17:00:00,77.139,22.52,67.48,1.63,0.0,0,0.0
2025-10-30 18:00:00,83.708,24.97,55.14,0.72,0.0,0,0.0
2025-10-30 19:00:00,84.229,24.65,58.7,0.1,0.0,0,0.0
2025-10-30 20:00:00,79.523,25.7,53.31,0.18,0.0,0,0.0
2025-10-30 21:00:00,83.546,25.31,53.26,1.22,12.64,0,0.0
2025-10-30 22:00:00,75.554,26.81,66.76,0.77,0.0,0,0.0
2025-10-30 23:00:00,70.72,23.96,61.02,0.87,0.0,0,0.0
2025-10-31 00:00:00,63.648,22.21,60.01,2.58,0.0,0,0.0
2025-10-31 01:00:00,65.347,22.69,58.51,3.0,0.0,0,0.0
2025-10-31 02:00:00,62.551,21.7,69.68,2.73,0.0,0,0.0
2025-10-31 03:00:00,65.283,22.03,58.56,3.44,0.0,0,0.0
2025-10-31 04:00:00,71.493,20.44,66.62,3.61,0.0,0,0.0
2025-10-31 05:00:00,66.227,19.04,60.83,4.01,0.0,0,0.0
2025-10-31 06:00:00,67.708,19.73,57.22,4.06,0.0,0,0.0
2025-10-31 07:00:00,70.39,16.15,68.56,2.09,0.0,0,0.0
2025-10-31 08:00:00,72.954,16.67,58.02,3.35,0.0,0,0.0
2025-10-31 09:00:00,69.598,16.46,68.26,3.57,0.0,0,0.0
2025-10-31 10:00:00,77.633,17.51,61.25,2.7,3.23,0,0.0
2025-10-31 11:00:00,73.753,16.96,69.02,2.61,0.0,0,0.0
2025-10-31 12:00:00,68.294,20.2,67.43,2.65,0.0,0,0.0
2025-10-31 13:00:00,69.076,20.14,66.78,1.86,0.0,0,0.0
2025-10-31 14:00:00,67.199,19.67,56.56,2.35,0.0,0,0.0
2025-10-31 15:00:00,72.759,21.26,65.8,1.82,0.0,0,0.0
2025-10-31 16:00:00,76.121,23.81,68.56,0.83,0.0,0,0.0
2025-10-31 17:00:00,78.985,25.27,56.48,0.63,0.0,0,0.0
2025-10-31 18:00:00,78.718,27.3,55.73,0.1,0.0,0,0.0
2025-10-31 19:00:00,82.039,28.8,62.92,0.56,0.0,0,0.0
2025-10-31 20:00:00,83.811,25.94,54.84,0.1,0.0,0,0.0
2025-10-31 21:00:00,77.529,24.11,63.44,1.27,0.0,0,0.0
2025-10-31 22:00:00,68.688,22.34,65.92,1.54,0.0,0,0.0
2025-10-31 23:00:00,70.595,24.59,53.8,2.23,0.0,0,0.0
2025-11-01 00:00:00,64.648,22.48,62.82,3.04,0.0,0,0.0
2025-11-01 01:00:00,60.746,21.99,63.44,2.57,0.0,0,0.0
2025-11-01 02:00:00,56.706,20.72,60.12,4.32,0.0,0,0.0
2025-11-01 03:00:00,59.14,20.25,69.0,3.4,0.0,0,0.0
2025-11-01 04:00:00,61.629,20.73,58.0,2.71,3.24,0,0.0
2025-11-01 05:00:00,55.99,18.81,62.17,3.31,0.0,0,0.0
2025-11-01 06:00:00,60.931,17.8,70.05,3.48,0.0,0,0.0
2025-11-01 07:00:00,65.399,16.35,61.05,4.0,0.0,0,0.0
2025-11-01 08:00:00,71.344,15.44,71.05,2.93,0.0,0,0.0
2025-11-01 09:00:00,66.213,17.01,58.98,3.08,0.0,0,0.0
2025-11-01 10:00:00,71.253,17.93,64.58,2.85,0.0,0,0.0
2025-11-01 11:00:00,64.855,20.75,56.68,2.32,4.92,0,0.0
2025-11-01 12:00:00,55.75,19.61,66.4,2.69,0.0,0,0.0
2025-11-01 13:00:00,67.613,21.6,66.9,2.2,6.55,0,0.0
2025-11-01 14:00:00,65.841,20.86,68.23,2.15,0.0,0,0.0
2025-11-01 15:00:00,68.762,21.07,70.08,0.94,0.0,0,0.0
2025-11-01 16:00:00,71.568,22.3,64.7,1.62,0.0,0,0.0
2025-11-01 17:00:00,73.977,23.41,65.49,0.1,0.0,0,0.0
2025-11-01 18:00:00,75.527,27.47,59.1,0.1,0.0,0,0.0
2025-11-01 19:00:00,76.821,24.33,67.09,0.1,0.0,1,172.8
2025-11-01 20:00:00,75.543,26.46,61.78,0.91,1.48,0,0.0
2025-11-01 21:00:00,72.728,24.23,66.71,1.86,0.0,0,0.0
2025-11-01 22:00:00,64.95,26.04,55.91,1.09,0.0,0,0.0
2025-11-01 23:00:00,63.161,24.74,60.6,1.53,0.0,0,0.0
2025-11-02 00:00:00,58.589,23.28,64.98,2.07,0.0,0,0.0
2025-11-02 01:00:00,52.536,22.46,57.57,2.93,0.0,0,0.0
2025-11-02 02:00:00,53.022,20.68,58.76,2.66,0.0,0,0.0
2025-11-02 03:00:00,58.688,20.97,70.09,2.94,0.0,1,223.6
2025-11-02 04:00:00,60.143,18.92,63.16,2.69,4.33,0,0.0
2025-11-02 05:00:00,59.144,17.17,60.42,3.31,0.0,0,0.0
2025-11-02 06:00:00,56.204,16.47,63.09,4.41,0.0,0,0.0
2025-11-02 07:00:00,70.335,17.81,63.27,3.7,5.16,0,0.0
2025-11-02 08:00:00,64.905,19.37,65.73,3.06,3.16,0,0.0
2025-11-02 09:00:00,66.894,17.8,71.17,4.0,0.83,0,0.0
2025-11-02 10:00:00,66.251,17.86,72.08,2.6,4.38,0,0.0
2025-11-02 11:00:00,70.607,18.98,66.38,3.44,4.74,0,0.0
2025-11-02 12:00:00,65.49,21.04,65.88,3.04,0.0,0,0.0
2025-11-02 13:00:00,61.813,20.7,60.41,1.85,0.0,0,0.0
2025-11-02 14:00:00,63.174,20.98,68.27,0.55,0.0,0,0.0
2025-11-02 15:00:00,66.575,23.83,56.97,2.51,0.0,0,0.0
2025-11-02 16:00:00,66.081,23.98,55.2,1.13,0.0,0,0.0
2025-11-02 17:00:00,75.101,26.14,66.91,0.56,0.0,0,0.0
2025-11-02 18:00:00,75.08,25.15,65.87,1.27,0.0,0,0.0
2025-11-02 19:00:00,77.72,23.86,58.24,1.17,0.0,0,0.0
2025-11-02 20:00:00,77.214,23.83,63.83,1.69,0.0,0,0.0
2025-11-02 21:00:00,72.008,27.32,58.62,0.74,0.0,0,0.0
2025-11-02 22:00:00,64.611,27.0,56.65,1.64,0.0,0,0.0
2025-11-02 23:00:00,65.203,24.08,57.85,1.1,0.0,0,0.0
2025-11-03 00:00:00,59.971,23.03,56.22,2.6,0.0,0,0.0
2025-11-03 01:00:00,64.956,24.28,61.67,2.57,1.21,0,0.0
2025-11-03 02:00:00,63.208,20.16,62.6,3.12,0.0,0,0.0
2025-11-03 03:00:00,63.804,19.38,64.06,3.17,3.74,0,0.0
2025-11-03 04:00:00,61.276,20.26,59.08,3.35,0.0,0,0.0
2025-11-03 05:00:00,70.128,18.18,71.17,3.13,1.53,0,0.0
2025-11-03 06:00:00,67.184,18.02,66.77,4.17,0.0,0,0.0
2025-11-03 07:00:00,77.015,17.43,71.04,4.54,0.0,0,0.0
2025-11-03 08:00:00,72.207,17.89,58.9,3.17,0.0,0,0.0
2025-11-03 09:00:00,74.819,19.31,65.76,3.59,0.0,0,0.0
2025-11-03 10:00:00,73.535,18.13,69.86,3.21,0.0,0,0.0
2025-11-03 11:00:00,71.881,19.43,61.31,2.59,0.0,0,0.0
2025-11-03 12:00:00,71.448,17.03,60.71,1.28,0.0,0,0.0
2025-11-03 13:00:00,71.154,20.39,59.74,1.03,0.0,0,0.0
2025-11-03 14:00:00,64.863,20.48,59.81,0.98,0.55,0,0.0
2025-11-03 15:00:00,73.795,21.06,62.07,0.1,0.0,0,0.0
2025-11-03 16:00:00,76.983,22.43,59.43,1.75,2.94,0,0.0
2025-11-03 17:00:00,78.437,23.91,57.72,0.97,0.0,0,0.0
2025-11-03 18:00:00,86.035,26.05,62.1,0.68,0.0,0,0.0
2025-11-03 19:00:00,85.933,23.76,54.54,0.1,0.0,0,0.0
2025-11-03 20:00:00,83.481,25.52,57.79,0.1,0.0,0,0.0
2025-11-03 21:00:00,77.68,24.77,63.48,1.14,0.0,0,0.0
2025-11-03 22:00:00,71.766,24.56,55.9,2.63,0.0,0,0.0
2025-11-03 23:00:00,73.298,25.52,56.0,1.39,0.0,0,0.0
2025-11-04 00:00:00,67.244,24.15,56.52,2.72,0.0,0,0.0
2025-11-04 01:00:00,58.503,24.14,53.53,2.3,0.0,0,0.0
2025-11-04 02:00:00,66.764,21.32,62.32,2.98,0.0,0,0.0
2025-11-04 03:00:00,63.91,19.63,56.8,3.99,3.52,0,0.0
2025-11-04 04:00:00,59.974,19.24,60.55,3.29,0.0,0,0.0
2025-11-04 05:00:00,68.073,18.97,71.54,3.23,0.0,0,0.0
2025-11-04 06:00:00,71.059,18.25,70.82,4.55,0.0,0,0.0
2025-11-04 07:00:00,69.115,16.34,61.42,3.68,0.0,0,0.0
2025-11-04 08:00:00,69.763,17.61,62.08,4.15,0.0,0,0.0
2025-11-04 09:00:00,77.833,17.91,64.21,2.85,0.0,0,0.0
2025-11-04 10:00:00,72.128,21.06,68.03,3.79,0.0,0,0.0
2025-11-04 11:00:00,74.832,20.93,67.48,2.75,0.0,0,0.0
2025-11-04 12:00:00,65.023,18.48,58.81,2.46,0.0,0,0.0
2025-11-04 13:00:00,70.773,20.12,57.79,1.89,5.21,0,0.0
2025-11-04 14:00:00,70.934,19.75,62.4,1.15,2.34,0,0.0
2025-11-04 15:00:00,74.585,21.83,67.95,1.14,0.0,0,0.0
2025-11-04 16:00:00,81.247,23.88,66.9,0.64,5.43,0,0.0
2025-11-04 17:00:00,76.31,25.78,54.14,1.33,0.0,0,0.0
2025-11-04 18:00:00,82.728,24.09,62.16,0.58,0.0,0,0.0
2025-11-04 19:00:00,78.406,24.58,55.59,0.1,0.0,0,0.0
2025-11-04 20:00:00,78.001,22.93,64.54,0.1,0.0,0,0.0
2025-11-04 21:00:00,78.0,25.17,66.64,0.1,0.0,0,0.0
2025-11-04 22:00:00,76.104,23.69,60.61,1.82,0.0,0,0.0
2025-11-04 23:00:00,75.198,23.7,55.03,1.12,0.0,0,0.0
2025-11-05 00:00:00,70.053,22.47,63.21,2.38,3.92,0,0.0
2025-11-05 01:00:00,63.114,22.44,60.66,2.67,0.0,0,0.0
2025-11-05 02:00:00,65.109,19.41,68.52,2.91,0.0,0,0.0
2025-11-05 03:00:00,66.212,18.73,61.87,3.52,0.0,0,0.0
2025-11-05 04:00:00,70.031,22.08,67.88,3.59,7.86,0,0.0
2025-11-05 05:00:00,65.196,17.15,61.82,2.02,0.0,0,0.0
2025-11-05 06:00:00,67.672,16.74,60.32,3.51,0.0,0,0.0
2025-11-05 07:00:00,70.297,19.86,60.68,3.9,0.0,0,0.0
2025-11-05 08:00:00,71.9,21.01,55.92,4.48,0.0,0,0.0
2025-11-05 09:00:00,72.245,16.25,62.47,4.27,0.0,0,0.0
2025-11-05 10:00:00,72.83,17.62,67.33,2.13,0.0,0,0.0
2025-11-05 11:00:00,69.729,19.1,58.67,2.38,0.0,0,0.0
2025-11-05 12:00:00,66.338,21.6,56.71,1.26,0.0,0,0.0
2025-11-05 13:00:00,70.258,19.3,58.4,2.72,0.0,0,0.0
2025-11-05 14:00:00,70.241,21.23,56.43,2.06,0.0,0,0.0
2025-11-05 15:00:00,77.319,23.49,67.03,1.35,0.0,0,0.0
2025-11-05 16:00:00,76.942,24.04,67.74,1.0,0.0,0,0.0
2025-11-05 17:00:00,77.004,23.9,54.36,1.58,0.0,0,0.0
2025-11-05 18:00:00,80.246,24.82,64.51,1.43,0.0,0,0.0
2025-11-05 19:00:00,82.731,23.74,64.82,1.45,0.0,1,154.7
2025-11-05 20:00:00,83.59,25.24,67.81,1.17,0.0,0,0.0
2025-11-05 21:00:00,77.988,25.07,58.18,0.93,0.0,0,0.0
2025-11-05 22:00:00,71.359,25.26,57.12,1.91,0.0,0,0.0
2025-11-05 23:00:00,69.731,23.68,60.59,2.3,0.0,0,0.0
2025-11-06 00:00:00,64.908,24.11,66.39,2.09,0.0,0,0.0
2025-11-06 01:00:00,66.514,23.79,64.66,2.38,0.0,0,0.0
2025-11-06 02:00:00,60.419,21.73,62.04,3.63,0.0,0,0.0
2025-11-06 03:00:00,64.657,20.93,59.11,4.26,0.0,0,0.0
2025-11-06 04:00:00,65.814,19.6,67.14,3.05,0.0,0,0.0
2025-11-06 05:00:00,65.569,18.71,69.59,3.49,0.0,0,0.0
2025-11-06 06:00:00,66.454,17.21,63.67,3.91,0.0,0,0.0
2025-11-06 07:00:00,69.078,18.06,67.2,3.94,0.0,0,0.0
2025-11-06 08:00:00,72.91,17.42,63.55,3.19,0.0,0,0.0
2025-11-06 09:00:00,76.704,20.19,63.07,4.39,0.0,0,0.0
2025-11-06 10:00:00,76.223,19.96,63.9,3.2,0.0,1,66.3
2025-11-06 11:00:00,69.703,19.17,68.13,2.91,2.64,0,0.0
2025-11-06 12:00:00,69.672,18.62,71.49,3.26,0.0,0,0.0
2025-11-06 13:00:00,65.286,19.17,63.16,1.54,7.32,0,0.0
2025-11-06 14:00:00,69.85,22.97,59.35,1.4,0.0,0,0.0
2025-11-06 15:00:00,73.318,22.89,59.87,0.39,0.0,0,0.0
2025-11-06 16:00:00,78.759,24.12,55.54,0.8,0.0,0,0.0
2025-11-06 17:00:00,73.781,22.27,59.09,0.1,0.0,0,0.0
2025-11-06 18:00:00,78.257,26.12,53.63,1.15,0.0,1,101.9
2025-11-06 19:00:00,82.795,25.95,58.85,1.0,0.0,0,0.0
2025-11-06 20:00:00,76.814,24.21,55.99,0.73,0.0,0,0.0
2025-11-06 21:00:00,80.219,24.84,58.29,1.08,3.99,0,0.0
2025-11-06 22:00:00,77.381,25.32,64.71,1.91,0.0,0,0.0
2025-11-06 23:00:00,68.174,24.43,57.03,1.13,0.0,0,0.0
2025-11-07 00:00:00,64.74,23.21,63.25,2.32,0.0,0,0.0
2025-11-07 01:00:00,61.753,22.47,68.04,3.01,0.0,0,0.0
2025-11-07 02:00:00,67.679,21.26,63.75,1.88,0.0,0,0.0
2025-11-07 03:00:00,64.429,20.71,58.48,3.67,0.0,0,0.0
2025-11-07 04:00:00,63.315,21.32,60.38,2.49,0.0,0,0.0
2025-11-07 05:00:00,62.859,15.65,67.47,3.58,0.0,0,0.0
2025-11-07 06:00:00,69.147,17.81,64.91,3.0,0.0,0,0.0
2025-11-07 07:00:00,73.536,17.91,59.49,4.51,0.0,0,0.0
2025-11-07 08:00:00,71.648,17.91,63.95,2.8,2.9,0,0.0
2025-11-07 09:00:00,72.552,17.25,65.8,2.27,0.0,0,0.0
2025-11-07 10:00:00,70.505,15.99,62.42,3.03,0.0,0,0.0
2025-11-07 11:00:00,75.38,19.12,65.71,2.34,0.0,0,0.0
2025-11-07 12:00:00,64.388,21.63,56.07,1.3,0.0,0,0.0
2025-11-07 13:00:00,74.071,18.68,61.84,2.13,8.28,0,0.0
2025-11-07 14:00:00,69.302,22.59,66.51,0.26,0.0,0,0.0
2025-11-07 15:00:00,71.41,22.2,58.57,0.52,0.0,0,0.0
2025-11-07 16:00:00,77.25,23.48,62.99,0.56,8.73,0,0.0
2025-11-07 17:00:00,79.138,23.12,60.28,1.23,0.0,0,0.0
2025-11-07 18:00:00,79.338,24.62,57.97,1.48,0.0,0,0.0
2025-11-07 19:00:00,85.957,26.98,65.55,1.41,0.0,0,0.0
2025-11-07 20:00:00,84.277,26.26,57.39,0.81,0.46,0,0.0
2025-11-07 21:00:00,76.307,27.5,55.05,0.1,0.0,0,0.0
2025-11-07 22:00:00,77.82,26.43,65.78,1.68,0.0,0,0.0
2025-11-07 23:00:00,71.315,24.91,64.24,2.69,0.0,0,0.0
2025-11-08 00:00:00,59.459,25.67,62.83,2.94,0.0,0,0.0
2025-11-08 01:00:00,61.921,23.14,54.86,2.87,0.0,0,0.0
2025-11-08 02:00:00,56.58,22.57,56.43,2.24,0.0,0,0.0
2025-11-08 03:00:00,61.354,20.19,65.46,2.95,0.0,0,0.0
2025-11-08 04:00:00,60.175,19.66,59.35,4.66,0.0,0,0.0
2025-11-08 05:00:00,59.715,17.91,60.64,2.8,0.0,0,0.0
2025-11-08 06:00:00,64.201,19.3,68.11,3.01,0.0,0,0.0
2025-11-08 07:00:00,65.296,16.3,62.51,4.21,0.0,1,82.4
2025-11-08 08:00:00,63.842,18.52,57.96,3.24,0.0,0,0.0
2025-11-08 09:00:00,65.924,17.48,58.06,2.55,0.0,0,0.0
2025-11-08 10:00:00,64.98,19.52,62.94,3.87,0.0,0,0.0
2025-11-08 11:00:00,65.391,19.65,65.47,2.86,0.0,0,0.0
2025-11-08 12:00:00,68.257,21.76,67.98,1.97,0.0,0,0.0
2025-11-08 13:00:00,64.337,21.42,56.81,1.12,0.0,0,0.0
2025-11-08 14:00:00,59.924,19.69,59.14,2.68,0.0,0,0.0
2025-11-08 15:00:00,65.873,22.53,62.43,1.12,0.0,0,0.0
2025-11-08 16:00:00,70.068,22.17,60.16,1.74,0.0,0,0.0
2025-11-08 17:00:00,75.108,23.78,60.97,1.29,0.0,0,0.0
2025-11-08 18:00:00,75.236,26.85,65.75,0.39,0.0,0,0.0
2025-11-08 19:00:00,74.088,26.21,60.45,0.44,0.0,0,0.0
2025-11-08 20:00:00,75.696,24.74,59.38,1.77,0.0,0,0.0
2025-11-08 21:00:00,75.445,24.22,68.31,2.02,0.0,0,0.0
2025-11-08 22:00:00,71.201,25.08,53.93,0.32,4.57,0,0.0
2025-11-08 23:00:00,64.558,22.94,68.21,2.14,0.0,0,0.0
2025-11-09 00:00:00,63.122,22.79,61.85,2.13,0.0,0,0.0
2025-11-09 01:00:00,58.547,23.01,61.75,1.97,0.0,0,0.0
2025-11-09 02:00:00,60.007,22.98,68.04,3.11,0.0,0,0.0
2025-11-09 03:00:00,57.34,21.29,62.84,2.45,0.0,0,0.0
2025-11-09 04:00:00,61.826,16.85,64.47,3.22,0.0,0,0.0
2025-11-09 05:00:00,61.867,19.13,60.61,3.17,0.0,0,0.0
2025-11-09 06:00:00,63.78,18.22,66.95,3.4,0.0,0,0.0
2025-11-09 07:00:00,62.475,18.23,65.61,3.61,0.0,0,0.0
2025-11-09 08:00:00,69.83,19.53,59.49,2.89,0.0,0,0.0
2025-11-09 09:00:00,70.096,15.26,69.49,4.2,0.0,0,0.0
2025-11-09 10:00:00,70.202,17.42,67.21,3.25,0.0,0,0.0
2025-11-09 11:00:00,65.846,19.48,62.27,3.66,0.0,0,0.0
2025-11-09 12:00:00,62.944,17.7,57.45,2.1,0.0,0,0.0
2025-11-09 13:00:00,63.063,22.33,61.3,1.48,0.0,1,47.0
2025-11-09 14:00:00,69.22,22.04,54.87,2.51,0.0,0,0.0
2025-11-09 15:00:00,64.673,23.65,54.94,0.79,0.0,0,0.0
2025-11-09 16:00:00,66.729,22.91,60.71,0.79,0.0,0,0.0
2025-11-09 17:00:00,72.083,25.4,53.99,1.18,0.51,1,67.2
2025-11-09 18:00:00,74.517,26.34,56.33,0.1,0.0,0,0.0
2025-11-09 19:00:00,80.463,25.74,62.39,1.18,0.0,0,0.0
2025-11-09 20:00:00,72.445,25.88,57.1,1.25,0.0,0,0.0
2025-11-09 21:00:00,72.84,25.78,67.49,1.9,0.0,0,0.0
2025-11-09 22:00:00,70.891,24.02,67.33,1.98,0.0,0,0.0
2025-11-09 23:00:00,69.598,24.25,62.23,2.59,0.0,0,0.0
2025-11-10 00:00:00,66.815,23.43,68.44,2.13,0.0,0,0.0
2025-11-10 01:00:00,69.2,23.11,67.15,2.07,0.92,0,0.0
2025-11-10 02:00:00,64.984,22.81,59.09,4.22,0.0,0,0.0
2025-11-10 03:00:00,64.206,19.31,67.66,2.34,0.24,0,0.0
2025-11-10 04:00:00,66.583,19.47,58.37,2.64,0.0,0,0.0
2025-11-10 05:00:00,63.332,20.56,65.93,3.99,0.0,0,0.0
2025-11-10 06:00:00,63.874,17.26,65.01,4.67,0.0,0,0.0
2025-11-10 07:00:00,72.409,16.76,58.19,3.76,0.33,0,0.0
2025-11-10 08:00:00,73.032,17.86,61.4,4.1,0.0,0,0.0
2025-11-10 09:00:00,76.926,18.76,71.07,2.06,0.0,0,0.0
2025-11-10 10:00:00,70.652,18.16,61.84,2.65,0.0,1,211.7
2025-11-10 11:00:00,74.272,20.38,58.49,1.46,0.0,0,0.0
2025-11-10 12:00:00,70.957,20.64,58.43,2.67,0.0,0,0.0
2025-11-10 13:00:00,68.923,21.59,62.23,0.88,0.0,0,0.0
2025-11-10 14:00:00,70.847,22.28,67.27,0.68,0.0,0,0.0
2025-11-10 15:00:00,73.658,25.44,64.1,1.45,0.0,0,0.0
2025-11-10 16:00:00,74.363,23.37,60.53,1.54,4.08,1,106.1
2025-11-10 17:00:00,77.208,22.04,57.91,0.66,0.0,0,0.0
2025-11-10 18:00:00,81.935,27.0,52.49,1.04,0.0,0,0.0
2025-11-10 19:00:00,81.386,24.93,59.98,1.07,0.0,0,0.0
2025-11-10 20:00:00,79.175,25.74,64.77,0.77,2.49,0,0.0
2025-11-10 21:00:00,80.252,27.05,62.72,0.48,0.0,0,0.0
2025-11-10 22:00:00,77.16,23.16,60.24,1.79,0.0,0,0.0
2025-11-10 23:00:00,74.478,22.94,63.16,2.18,0.0,0,0.0
2025-11-11 00:00:00,65.383,21.71,61.52,2.74,0.0,0,0.0
2025-11-11 01:00:00,66.342,21.72,63.65,2.78,0.0,0,0.0
2025-11-11 02:00:00,66.83,22.16,62.47,2.25,0.0,0,0.0
2025-11-11 03:00:00,64.991,21.23,65.48,3.67,0.0,0,0.0
2025-11-11 04:00:00,63.078,19.97,63.64,3.5,10.98,0,0.0
2025-11-11 05:00:00,69.641,17.11,71.84,3.36,0.0,0,0.0
2025-11-11 06:00:00,65.62,15.4,65.18,3.52,0.0,0,0.0
2025-11-11 07:00:00,67.35,17.84,57.54,3.23,0.52,0,0.0
2025-11-11 08:00:00,69.618,17.07,61.3,4.03,0.0,0,0.0
2025-11-11 09:00:00,80.014,18.32,64.52,2.41,0.0,0,0.0
2025-11-11 10:00:00,74.346,19.01,64.7,2.35,0.0,0,0.0
2025-11-11 11:00:00,68.865,18.97,64.9,2.39,0.0,0,0.0
2025-11-11 12:00:00,69.448,20.55,66.39,3.17,3.58,0,0.0
2025-11-11 13:00:00,69.736,20.87,59.59,2.44,3.69,0,0.0
2025-11-11 14:00:00,71.439,22.27,64.61,0.47,0.0,0,0.0
2025-11-11 15:00:00,72.996,21.82,65.47,1.95,0.0,0,0.0
2025-11-11 16:00:00,72.949,23.42,60.12,1.71,0.0,0,0.0
2025-11-11 17:00:00,79.595,24.7,59.21,0.1,0.0,0,0.0
2025-11-11 18:00:00,79.69,26.08,55.03,0.1,0.0,0,0.0
2025-11-11 19:00:00,85.027,25.03,59.19,0.71,0.0,0,0.0
2025-11-11 20:00:00,82.283,26.26,64.05,1.57,0.0,0,0.0
2025-11-11 21:00:00,77.683,25.18,66.53,2.09,0.0,0,0.0
2025-11-11 22:00:00,77.309,24.96,61.93,0.93,0.0,0,0.0
2025-11-11 23:00:00,73.42,25.46,57.22,2.86,2.58,0,0.0
2025-11-12 00:00:00,63.203,21.26,65.48,0.86,0.0,0,0.0
2025-11-12 01:00:00,66.316,21.13,66.42,2.37,0.0,0,0.0
2025-11-12 02:00:00,65.405,19.88,61.06,2.7,0.0,0,0.0
2025-11-12 03:00:00,67.628,17.82,69.71,3.95,0.0,1,247.7
2025-11-12 04:00:00,66.095,18.84,57.8,4.28,0.0,0,0.0
2025-11-12 05:00:00,65.148,19.73,56.33,4.22,0.0,0,0.0
2025-11-12 06:00:00,63.486,17.85,59.13,2.89,0.0,0,0.0
2025-11-12 07:00:00,70.743,18.03,59.52,4.17,0.0,0,0.0
2025-11-12 08:00:00,74.445,18.96,69.81,3.8,0.0,0,0.0
2025-11-12 09:00:00,73.967,19.38,62.74,2.26,0.0,0,0.0
2025-11-12 10:00:00,65.233,18.11,61.26,1.71,0.0,0,0.0
2025-11-12 11:00:00,73.182,20.45,62.17,3.21,0.0,0,0.0
2025-11-12 12:00:00,67.252,19.77,62.06,2.09,0.0,0,0.0
2025-11-12 13:00:00,70.256,19.62,60.75,1.04,0.0,0,0.0
2025-11-12 14:00:00,73.408,20.94,57.5,1.33,0.0,0,0.0
2025-11-12 15:00:00,71.507,20.91,65.29,1.36,0.0,0,0.0
2025-11-12 16:00:00,75.878,22.59,56.5,0.85,0.0,0,0.0
2025-11-12 17:00:00,79.39,24.05,65.2,0.1,0.0,0,0.0
2025-11-12 18:00:00,82.941,26.08,55.38,1.83,1.17,0,0.0
2025-11-12 19:00:00,83.474,27.58,62.42,1.35,0.0,1,37.6
2025-11-12 20:00:00,80.629,24.0,65.69,0.7,0.0,0,0.0
2025-11-12 21:00:00,76.264,25.99,54.29,0.96,0.0,0,0.0
2025-11-12 22:00:00,78.694,23.87,54.98,1.67,0.0,0,0.0
2025-11-12 23:00:00,73.733,25.05,67.21,1.13,0.0,0,0.0
2025-11-13 00:00:00,66.431,23.52,60.83,2.39,0.0,0,0.0
2025-11-13 01:00:00,65.273,20.51,65.14,1.79,0.0,0,0.0
2025-11-13 02:00:00,66.18,22.79,54.67,2.91,0.0,0,0.0
2025-11-13 03:00:00,61.836,19.91,60.23,2.56,0.0,0,0.0
2025-11-13 04:00:00,65.221,19.04,64.16,2.83,0.0,0,0.0
2025-11-13 05:00:00,68.415,17.56,70.75,4.64,1.3,0,0.0
2025-11-13 06:00:00,71.139,17.43,61.62,3.74,0.0,0,0.0
2025-11-13 07:00:00,77.946,18.33,68.63,3.77,0.0,0,0.0
2025-11-13 08:00:00,74.125,17.45,67.46,2.29,0.0,0,0.0
2025-11-13 09:00:00,71.604,18.21,58.8,2.9,0.0,0,0.0
2025-11-13 10:00:00,71.978,18.65,61.21,3.23,6.97,1,57.3
2025-11-13 11:00:00,68.957,20.43,59.31,2.7,0.0,0,0.0
2025-11-13 12:00:00,67.631,19.26,63.08,0.91,0.0,0,0.0
2025-11-13 13:00:00,61.723,18.87,66.21,1.94,0.0,0,0.0
2025-11-13 14:00:00,68.175,22.96,60.73,1.67,0.0,0,0.0
2025-11-13 15:00:00,73.505,22.31,58.28,1.91,0.0,0,0.0
2025-11-13 16:00:00,76.123,25.01,63.43,0.51,0.0,0,0.0
2025-11-13 17:00:00,78.507,24.96,61.79,0.1,0.0,0,0.0
2025-11-13 18:00:00,77.587,24.98,60.8,0.1,0.0,0,0.0
2025-11-13 19:00:00,85.404,25.96,60.74,0.1,0.0,0,0.0
2025-11-13 20:00:00,84.766,28.02,54.52,1.34,6.45,0,0.0
2025-11-13 21:00:00,79.595,28.03,61.39,0.1,0.0,0,0.0
2025-11-13 22:00:00,70.432,25.22,58.68,1.18,1.94,0,0.0
2025-11-13 23:00:00,70.511,24.7,58.63,2.67,0.0,0,0.0
2025-11-14 00:00:00,65.169,24.99,55.25,2.2,0.0,0,0.0
2025-11-14 01:00:00,64.321,21.72,63.92,3.13,0.0,0,0.0
2025-11-14 02:00:00,65.03,22.1,63.78,1.96,0.0,0,0.0
2025-11-14 03:00:00,65.992,20.63,60.73,2.3,0.0,0,0.0
2025-11-14 04:00:00,68.146,20.07,68.85,4.36,6.89,0,0.0
2025-11-14 05:00:00,68.383,17.87,69.96,3.71,0.0,0,0.0
2025-11-14 06:00:00,65.446,16.33,59.84,3.76,0.0,0,0.0
2025-11-14 07:00:00,67.752,15.35,69.22,2.98,0.0,0,0.0
2025-11-14 08:00:00,73.79,16.36,64.09,3.56,0.0,0,0.0
2025-11-14 09:00:00,76.202,17.28,72.63,2.57,0.0,0,0.0
2025-11-14 10:00:00,74.002,17.88,60.65,3.66,0.0,0,0.0
2025-11-14 11:00:00,71.726,21.19,59.49,4.22,0.0,0,0.0
2025-11-14 12:00:00,68.99,21.02,62.02,2.49,0.0,0,0.0
2025-11-14 13:00:00,70.493,19.51,60.33,1.43,4.8,0,0.0
2025-11-14 14:00:00,71.123,22.11,65.11,0.1,0.0,0,0.0
2025-11-14 15:00:00,73.181,22.24,61.87,0.13,0.0,0,0.0
2025-11-14 16:00:00,82.162,23.36,57.3,1.83,1.99,0,0.0
2025-11-14 17:00:00,76.732,24.75,60.75,0.13,0.0,0,0.0
2025-11-14 18:00:00,90.396,25.9,65.79,0.48,0.0,0,0.0
2025-11-14 19:00:00,79.919,25.15,64.79,1.14,0.0,0,0.0
2025-11-14 20:00:00,82.83,26.97,59.3,1.79,0.0,0,0.0
2025-11-14 21:00:00,75.615,24.19,57.81,1.02,0.0,0,0.0
2025-11-14 22:00:00,75.826,25.17,55.6,1.21,0.0,0,0.0
2025-11-14 23:00:00,75.343,27.64,64.59,1.85,0.0,0,0.0
2025-11-15 00:00:00,59.411,23.99,64.26,1.82,0.0,0,0.0
2025-11-15 01:00:00,61.643,24.47,61.9,2.24,0.0,0,0.0
2025-11-15 02:00:00,58.398,21.83,68.09,3.2,0.0,0,0.0
2025-11-15 03:00:00,53.44,21.38,57.0,3.37,0.0,0,0.0
2025-11-15 04:00:00,64.523,19.65,66.45,4.78,10.19,0,0.0
2025-11-15 05:00:00,60.515,18.69,60.04,3.91,0.0,0,0.0
2025-11-15 06:00:00,61.017,17.32,59.42,4.39,0.0,0,0.0
2025-11-15 07:00:00,64.326,18.37,63.96,3.01,0.0,0,0.0
2025-11-15 08:00:00,68.168,16.7,63.79,3.81,0.0,0,0.0
2025-11-15 09:00:00,67.06,18.65,70.93,2.83,0.0,1,92.4
2025-11-15 10:00:00,68.516,19.56,61.13,3.19,0.0,0,0.0
2025-11-15 11:00:00,69.471,19.33,68.63,3.0,0.0,0,0.0
2025-11-15 12:00:00,69.737,19.38,67.61,2.23,0.0,0,0.0
2025-11-15 13:00:00,67.367,21.23,65.28,3.26,0.0,0,0.0
2025-11-15 14:00:00,65.353,21.35,69.0,2.31,0.0,1,112.4
2025-11-15 15:00:00,68.66,23.88,59.79,1.85,4.41,0,0.0
2025-11-15 16:00:00,68.603,21.52,60.93,1.36,0.0,0,0.0
2025-11-15 17:00:00,71.803,24.14,55.93,1.81,0.0,0,0.0
2025-11-15 18:00:00,77.742,22.79,58.46,0.1,0.0,0,0.0
2025-11-15 19:00:00,76.784,23.79,66.92,1.57,0.0,0,0.0
2025-11-15 20:00:00,77.314,27.36,58.7,0.31,0.0,0,0.0
2025-11-15 21:00:00,71.095,26.66,57.13,0.8,0.0,0,0.0
2025-11-15 22:00:00,72.963,24.32,56.65,1.79,0.0,0,0.0
2025-11-15 23:00:00,65.427,22.74,61.63,2.55,0.0,0,0.0
2025-11-16 00:00:00,61.627,20.18,66.64,1.51,0.0,0,0.0
2025-11-16 01:00:00,56.765,22.12,59.03,2.28,0.0,0,0.0
2025-11-16 02:00:00,57.745,24.65,64.58,3.01,0.0,0,0.0
2025-11-16 03:00:00,62.653,21.23,64.71,3.15,0.0,0,0.0
2025-11-16 04:00:00,58.447,19.07,68.37,4.01,0.0,0,0.0
2025-11-16 05:00:00,56.688,19.47,60.08,5.71,0.0,0,0.0
2025-11-16 06:00:00,60.296,16.4,67.62,3.95,0.0,0,0.0
2025-11-16 07:00:00,66.948,17.52,59.79,3.21,0.0,0,0.0
2025-11-16 08:00:00,69.182,17.86,62.74,2.72,0.0,0,0.0
2025-11-16 09:00:00,66.784,17.77,68.2,3.07,0.0,0,0.0
2025-11-16 10:00:00,66.445,19.23,65.94,2.39,0.0,0,0.0
2025-11-16 11:00:00,68.16,19.33,59.22,2.87,2.98,0,0.0
2025-11-16 12:00:00,68.205,20.54,68.55,2.47,0.0,0,0.0
2025-11-16 13:00:00,64.517,19.88,56.87,1.53,6.31,0,0.0
2025-11-16 14:00:00,68.182,22.82,63.24,2.64,7.11,0,0.0
2025-11-16 15:00:00,69.868,24.73,67.92,0.7,0.0,0,0.0
2025-11-16 16:00:00,75.35,22.58,62.43,0.83,0.0,0,0.0
2025-11-16 17:00:00,70.985,23.5,65.91,1.13,0.0,0,0.0
2025-11-16 18:00:00,74.875,26.81,60.84,1.24,0.0,0,0.0
2025-11-16 19:00:00,76.356,25.38,64.52,1.52,0.0,0,0.0
2025-11-16 20:00:00,78.772,27.43,61.38,1.16,0.0,0,0.0
2025-11-16 21:00:00,73.23,25.07,63.32,1.77,0.0,0,0.0
2025-11-16 22:00:00,71.897,26.95,55.25,1.05,4.07,0,0.0
2025-11-16 23:00:00,67.186,24.73,64.29,2.36,0.0,0,0.0
2025-11-17 00:00:00,68.605,24.07,57.12,2.74,14.73,0,0.0
2025-11-17 01:00:00,65.665,24.68,67.9,3.5,0.0,0,0.0
2025-11-17 02:00:00,66.544,21.33,58.62,1.95,0.0,0,0.0
2025-11-17 03:00:00,61.646,19.6,59.79,2.72,0.0,0,0.0
2025-11-17 04:00:00,65.291,19.23,69.35,3.99,0.0,0,0.0
2025-11-17 05:00:00,63.083,19.48,59.96,2.06,0.0,0,0.0
2025-11-17 06:00:00,68.584,16.42,63.56,4.0,0.0,0,0.0
2025-11-17 07:00:00,72.949,18.66,67.52,4.28,7.09,0,0.0
2025-11-17 08:00:00,75.081,17.12,60.11,3.15,0.0,0,0.0
2025-11-17 09:00:00,73.535,19.28,58.82,3.0,0.0,0,0.0
2025-11-17 10:00:00,72.245,15.43,66.04,2.31,1.6,0,0.0
2025-11-17 11:00:00,70.414,17.99,60.86,2.28,0.0,0,0.0
2025-11-17 12:00:00,73.478,17.74,60.89,1.9,0.0,0,0.0
2025-11-17 13:00:00,64.312,19.74,56.3,1.4,0.0,0,0.0
2025-11-17 14:00:00,68.67,22.06,60.32,1.01,1.6,0,0.0
2025-11-17 15:00:00,72.043,22.58,59.22,0.98,0.0,0,0.0
2025-11-17 16:00:00,73.256,23.46,54.39,0.73,0.0,0,0.0
2025-11-17 17:00:00,80.464,24.4,62.68,1.88,0.0,0,0.0
2025-11-17 18:00:00,81.817,25.47,62.12,0.46,0.0,0,0.0
2025-11-17 19:00:00,82.604,24.42,54.41,0.96,0.0,0,0.0
2025-11-17 20:00:00,81.917,26.61,56.79,0.55,0.0,0,0.0
2025-11-17 21:00:00,79.561,26.42,65.24,0.79,0.0,0,0.0
2025-11-17 22:00:00,72.572,25.69,61.32,0.43,0.0,0,0.0
2025-11-17 23:00:00,72.415,25.26,59.02,0.87,0.0,0,0.0
2025-11-18 00:00:00,60.146,24.14,60.49,1.48,0.0,0,0.0
2025-11-18 01:00:00,62.654,25.26,55.97,2.7,0.0,0,0.0
2025-11-18 02:00:00,66.136,21.68,67.17,3.6,0.0,0,0.0
2025-11-18 03:00:00,71.251,20.38,69.48,2.19,10.23,0,0.0
2025-11-18 04:00:00,71.598,18.88,70.33,3.17,0.0,0,0.0
2025-11-18 05:00:00,64.837,17.72,60.73,2.83,0.0,0,0.0
2025-11-18 06:00:00,65.854,16.83,62.56,3.54,0.0,0,0.0
2025-11-18 07:00:00,71.593,16.86,60.3,4.29,0.0,0,0.0
2025-11-18 08:00:00,77.401,17.7,61.99,3.23,0.0,0,0.0
2025-11-18 09:00:00,77.551,18.32,62.0,3.23,0.0,0,0.0
2025-11-18 10:00:00,70.888,18.38,66.47,3.82,0.0,0,0.0
2025-11-18 11:00:00,70.63,18.04,60.02,2.86,0.0,0,0.0
2025-11-18 12:00:00,74.394,20.87,69.27,1.74,5.57,0,0.0
2025-11-18 13:00:00,70.931,21.64,56.56,1.91,0.0,0,0.0
2025-11-18 14:00:00,70.662,21.59,55.15,0.95,0.0,0,0.0
2025-11-18 15:00:00,71.596,22.04,67.6,1.39,0.0,0,0.0
2025-11-18 16:00:00,77.457,24.44,63.89,1.21,0.0,0,0.0
2025-11-18 17:00:00,81.24,24.84,58.43,0.1,0.0,0,0.0
2025-11-18 18:00:00,79.372,23.51,62.83,0.81,0.0,0,0.0
2025-11-18 19:00:00,85.682,25.57,56.01,0.68,0.0,0,0.0
2025-11-18 20:00:00,83.843,26.1,54.87,1.23,0.0,1,67.1
2025-11-18 21:00:00,77.165,24.57,60.33,1.64,0.0,0,0.0
2025-11-18 22:00:00,77.768,25.48,58.01,1.74,0.0,0,0.0
2025-11-18 23:00:00,74.051,22.87,63.51,1.63,0.0,0,0.0
2025-11-19 00:00:00,66.49,25.41,56.02,2.76,0.0,0,0.0
2025-11-19 01:00:00,68.871,24.34,63.34,2.06,0.0,0,0.0
2025-11-19 02:00:00,64.824,21.51,66.6,2.16,0.0,0,0.0
2025-11-19 03:00:00,65.04,21.21,57.77,1.34,0.0,0,0.0
2025-11-19 04:00:00,57.617,16.92,58.51,3.46,0.0,0,0.0
2025-11-19 05:00:00,69.031,17.59,64.04,3.16,0.0,0,0.0
2025-11-19 06:00:00,71.426,17.99,68.81,3.94,0.0,0,0.0
2025-11-19 07:00:00,74.415,16.66,67.77,2.47,0.0,0,0.0
2025-11-19 08:00:00,71.118,18.67,67.33,3.11,0.0,0,0.0
2025-11-19 09:00:00,76.497,20.34,61.84,3.54,0.0,0,0.0
2025-11-19 10:00:00,75.277,16.93,61.36,2.33,0.0,0,0.0
2025-11-19 11:00:00,69.885,17.98,65.19,2.83,0.0,0,0.0
2025-11-19 12:00:00,72.096,20.09,59.01,1.87,0.0,0,0.0
2025-11-19 13:00:00,71.24,22.71,65.27,1.79,1.21,0,0.0
2025-11-19 14:00:00,65.098,20.34,58.75,1.81,0.0,0,0.0
2025-11-19 15:00:00,73.491,23.14,58.48,1.71,0.0,0,0.0
2025-11-19 16:00:00,73.998,25.99,60.0,0.96,0.0,0,0.0
2025-11-19 17:00:00,74.688,22.66,61.71,0.26,0.0,0,0.0
2025-11-19 18:00:00,82.679,23.74,62.77,0.43,0.0,0,0.0
2025-11-19 19:00:00,82.491,25.16,59.46,1.13,0.0,0,0.0
2025-11-19 20:00:00,85.915,25.18,66.68,0.29,0.0,0,0.0
2025-11-19 21:00:00,80.302,26.65,64.61,1.03,0.0,0,0.0
2025-11-19 22:00:00,78.227,25.56,65.85,1.22,0.0,0,0.0
2025-11-19 23:00:00,73.294,22.51,63.94,1.75,0.0,0,0.0
2025-11-20 00:00:00,67.451,24.45,62.85,1.59,0.0,0,0.0
2025-11-20 01:00:00,62.4,22.17,63.83,1.48,0.0,0,0.0
2025-11-20 02:00:00,65.097,23.36,60.51,3.26,0.0,0,0.0
2025-11-20 03:00:00,63.979,20.04,60.81,3.84,0.0,1,116.4
2025-11-20 04:00:00,66.955,19.07,65.44,2.42,0.0,0,0.0
2025-11-20 05:00:00,66.533,19.65,56.59,3.87,0.0,0,0.0
2025-11-20 06:00:00,66.373,19.28,56.54,4.35,0.0,0,0.0
2025-11-20 07:00:00,70.729,18.51,69.67,4.01,0.0,0,0.0
2025-11-20 08:00:00,76.281,15.81,59.21,3.25,0.0,0,0.0
2025-11-20 09:00:00,69.857,18.61,64.7,2.69,0.0,0,0.0
2025-11-20 10:00:00,75.122,17.13,66.95,3.0,0.0,0,0.0
2025-11-20 11:00:00,74.299,19.29,59.4,2.74,0.0,0,0.0
2025-11-20 12:00:00,71.73,18.12,70.56,2.26,0.0,0,0.0
2025-11-20 13:00:00,73.705,21.33,58.05,1.7,0.0,0,0.0
2025-11-20 14:00:00,73.334,20.86,68.75,0.8,1.75,0,0.0
2025-11-20 15:00:00,73.506,21.33,66.65,1.39,0.0,0,0.0
2025-11-20 16:00:00,74.219,24.69,56.8,1.18,0.0,0,0.0
2025-11-20 17:00:00,79.682,24.95,55.29,0.87,0.0,0,0.0
2025-11-20 18:00:00,83.165,24.56,58.01,0.77,0.0,0,0.0
2025-11-20 19:00:00,83.732,27.44,57.51,1.76,2.76,0,0.0
2025-11-20 20:00:00,79.578,25.3,56.5,0.53,0.0,0,0.0
2025-11-20 21:00:00,76.992,25.73,67.54,1.91,0.0,0,0.0
2025-11-20 22:00:00,75.803,25.62,56.07,1.01,0.0,0,0.0
2025-11-20 23:00:00,68.818,23.92,66.11,2.48,0.0,0,0.0
2025-11-21 00:00:00,63.028,24.42,55.73,2.94,0.0,0,0.0
2025-11-21 01:00:00,59.129,22.25,69.35,2.41,0.0,0,0.0
2025-11-21 02:00:00,66.156,21.36,58.57,3.95,0.0,0,0.0
2025-11-21 03:00:00,67.681,22.46,60.85,3.54,0.0,0,0.0
2025-11-21 04:00:00,65.439,18.61,65.21,2.97,0.0,0,0.0
2025-11-21 05:00:00,70.218,16.13,60.12,3.42,0.0,0,0.0
2025-11-21 06:00:00,72.642,20.33,68.06,4.38,0.0,0,0.0
2025-11-21 07:00:00,72.239,21.05,59.49,4.2,0.0,0,0.0
2025-11-21 08:00:00,74.895,17.37,65.82,2.86,6.83,0,0.0
2025-11-21 09:00:00,72.93,15.67,66.84,3.18,0.0,0,0.0
2025-11-21 10:00:00,74.87,18.02,66.23,3.07,0.0,0,0.0
2025-11-21 11:00:00,70.582,18.68,57.62,2.28,0.0,0,0.0
2025-11-21 12:00:00,70.769,19.63,58.75,3.61,0.0,0,0.0
2025-11-21 13:00:00,70.095,19.48,58.73,1.95,0.0,0,0.0
2025-11-21 14:00:00,69.72,22.55,59.0,1.41,1.58,0,0.0
2025-11-21 15:00:00,74.648,23.52,56.06,1.85,0.0,0,0.0
2025-11-21 16:00:00,75.548,22.06,68.59,0.68,0.0,0,0.0
2025-11-21 17:00:00,79.796,25.52,60.38,1.36,1.43,0,0.0
2025-11-21 18:00:00,80.049,27.78,60.68,0.1,0.53,0,0.0
2025-11-21 19:00:00,82.002,25.93,57.81,0.48,0.0,0,0.0
2025-11-21 20:00:00,86.921,25.45,56.87,1.53,0.0,0,0.0
2025-11-21 21:00:00,77.012,25.55,60.22,2.08,0.0,0,0.0
2025-11-21 22:00:00,77.84,26.06,56.78,0.99,4.1,0,0.0
2025-11-21 23:00:00,70.521,22.61,59.59,1.28,0.0,0,0.0
2025-11-22 00:00:00,53.598,24.08,60.34,2.54,0.0,0,0.0
2025-11-22 01:00:00,60.444,22.45,62.12,2.21,0.0,0,0.0
2025-11-22 02:00:00,58.676,24.1,68.31,2.79,0.0,0,0.0
2025-11-22 03:00:00,59.604,20.64,58.97,3.79,0.0,0,0.0
2025-11-22 04:00:00,62.53,21.88,62.19,3.17,0.0,0,0.0
2025-11-22 05:00:00,60.988,17.73,59.61,2.47,0.0,0,0.0
2025-11-22 06:00:00,63.776,19.12,61.78,2.92,0.0,0,0.0
2025-11-22 07:00:00,63.743,18.4,67.72,3.65,0.0,0,0.0
2025-11-22 08:00:00,68.795,16.84,60.51,2.38,0.0,0,0.0
2025-11-22 09:00:00,68.211,18.23,65.78,3.08,0.0,0,0.0
2025-11-22 10:00:00,62.938,19.87,62.33,2.11,0.0,0,0.0
2025-11-22 11:00:00,67.522,18.66,57.58,3.57,0.0,0,0.0
2025-11-22 12:00:00,67.904,17.85,71.29,3.5,0.71,0,0.0
2025-11-22 13:00:00,67.308,20.82,61.71,1.18,0.0,0,0.0
2025-11-22 14:00:00,70.285,20.8,67.28,1.6,0.0,0,0.0
2025-11-22 15:00:00,68.654,22.5,60.74,0.56,0.0,0,0.0
2025-11-22 16:00:00,72.16,23.78,67.79,0.72,0.0,0,0.0
2025-11-22 17:00:00,77.701,22.66,58.76,1.83,6.03,1,115.9
2025-11-22 18:00:00,73.802,23.41,60.14,0.42,0.0,0,0.0
2025-11-22 19:00:00,77.211,26.32,63.59,0.58,11.79,0,0.0
2025-11-22 20:00:00,74.937,25.25,58.0,0.34,0.0,0,0.0
2025-11-22 21:00:00,76.429,22.67,59.87,1.83,0.0,0,0.0
2025-11-22 22:00:00,69.467,26.29,67.15,0.1,0.0,0,0.0
2025-11-22 23:00:00,67.958,25.04,61.31,1.55,0.0,0,0.0
2025-11-23 00:00:00,60.825,23.05,64.51,2.17,0.0,0,0.0
2025-11-23 01:00:00,59.761,21.36,64.84,2.19,0.0,0,0.0
2025-11-23 02:00:00,56.522,22.91,66.67,3.47,0.0,0,0.0
2025-11-23 03:00:00,60.727,21.29,68.15,3.98,0.0,0,0.0
2025-11-23 04:00:00,60.911,22.76,62.79,2.65,5.55,0,0.0
2025-11-23 05:00:00,65.126,19.58,60.67,4.9,0.0,0,0.0
2025-11-23 06:00:00,65.308,18.91,57.0,2.85,0.0,0,0.0
2025-11-23 07:00:00,64.752,17.84,66.51,4.42,0.0,0,0.0
2025-11-23 08:00:00,72.692,18.88,69.05,3.59,0.0,0,0.0
2025-11-23 09:00:00,69.798,18.79,63.48,2.96,1.18,1,31.3
2025-11-23 10:00:00,63.413,19.94,58.5,2.7,0.0,0,0.0
2025-11-23 11:00:00,65.614,18.45,61.25,2.57,0.0,0,0.0
2025-11-23 12:00:00,68.524,19.38,64.02,2.33,0.0,0,0.0
2025-11-23 13:00:00,62.153,20.29,68.37,1.26,0.0,0,0.0
2025-11-23 14:00:00,64.042,22.85,56.86,1.31,0.0,0,0.0
2025-11-23 15:00:00,63.91,24.74,62.34,0.68,0.0,0,0.0
2025-11-23 16:00:00,67.572,23.35,65.29,0.17,0.0,0,0.0
2025-11-23 17:00:00,72.26,24.22,67.51,0.26,0.0,0,0.0
2025-11-23 18:00:00,72.815,25.75,54.3,0.1,0.0,0,0.0
2025-11-23 19:00:00,76.485,25.47,66.61,0.5,0.0,0,0.0
2025-11-23 20:00:00,81.104,27.05,60.79,1.16,0.0,0,0.0
2025-11-23 21:00:00,73.824,23.07,65.66,1.21,0.0,0,0.0
2025-11-23 22:00:00,71.47,24.38,54.18,2.63,0.0,0,0.0
2025-11-23 23:00:00,69.327,23.79,61.32,0.49,0.0,0,0.0
2025-11-24 00:00:00,61.82,21.15,64.65,2.48,0.0,0,0.0
2025-11-24 01:00:00,62.148,21.81,59.52,2.59,0.0,0,0.0
2025-11-24 02:00:00,66.314,20.83,61.98,3.44,0.0,0,0.0
2025-11-24 03:00:00,63.274,20.65,63.92,3.69,0.0,0,0.0
2025-11-24 04:00:00,67.382,21.27,63.53,3.4,0.0,0,0.0
2025-11-24 05:00:00,70.117,18.81,57.34,3.75,0.0,0,0.0
2025-11-24 06:00:00,64.779,17.23,64.26,3.25,0.0,1,113.2
2025-11-24 07:00:00,69.771,18.0,60.41,4.02,0.0,0,0.0
2025-11-24 08:00:00,73.483,19.19,70.24,2.37,0.0,0,0.0
2025-11-24 09:00:00,73.356,16.89,72.51,3.73,0.0,0,0.0
2025-11-24 10:00:00,71.493,17.37,62.07,2.94,0.0,0,0.0
2025-11-24 11:00:00,70.096,19.77,58.76,2.3,0.0,0,0.0
2025-11-24 12:00:00,69.523,19.66,59.49,2.06,0.0,0,0.0
2025-11-24 13:00:00,69.769,21.67,62.16,1.72,0.0,0,0.0
2025-11-24 14:00:00,73.065,21.91,67.97,2.23,0.0,0,0.0
2025-11-24 15:00:00,72.494,23.81,61.22,3.08,0.0,0,0.0
2025-11-24 16:00:00,77.771,22.69,55.22,1.63,0.0,0,0.0
2025-11-24 17:00:00,77.112,24.74,53.75,0.41,0.0,0,0.0
2025-11-24 18:00:00,78.501,25.14,56.33,1.08,0.0,0,0.0
2025-11-24 19:00:00,82.535,24.33,66.04,1.16,0.0,0,0.0
2025-11-24 20:00:00,83.113,24.05,62.89,0.35,0.0,1,137.1
2025-11-24 21:00:00,81.713,26.62,60.47,0.38,0.0,0,0.0
2025-11-24 22:00:00,79.154,24.97,57.8,1.41,0.0,0,0.0
2025-11-24 23:00:00,73.454,23.53,67.82,2.3,0.0,0,0.0
2025-11-25 00:00:00,66.387,23.84,58.66,1.23,0.0,0,0.0
2025-11-25 01:00:00,68.773,24.34,65.92,2.16,0.0,0,0.0
2025-11-25 02:00:00,62.982,19.22,69.91,3.29,0.0,0,0.0
2025-11-25 03:00:00,64.072,19.12,63.78,3.29,0.0,0,0.0
2025-11-25 04:00:00,72.81,18.85,70.11,4.35,0.0,0,0.0
2025-11-25 05:00:00,68.694,20.88,59.62,2.8,0.0,0,0.0
2025-11-25 06:00:00,70.242,18.83,66.58,5.11,0.0,0,0.0
2025-11-25 07:00:00,72.858,19.01,57.91,2.73,0.0,0,0.0
2025-11-25 08:00:00,69.691,16.59,65.16,2.28,0.0,0,0.0
2025-11-25 09:00:00,71.927,16.75,61.21,3.23,0.0,0,0.0
2025-11-25 10:00:00,70.354,19.03,57.52,2.27,0.0,0,0.0
2025-11-25 11:00:00,72.075,19.2,56.54,2.56,0.0,1,86.0
2025-11-25 12:00:00,68.938,20.61,60.5,2.16,0.0,0,0.0
2025-11-25 13:00:00,69.674,20.69,64.43,1.69,0.0,0,0.0
2025-11-25 14:00:00,69.348,22.29,61.46,0.94,0.0,0,0.0
2025-11-25 15:00:00,68.146,23.18,58.62,1.4,0.0,0,0.0
2025-11-25 16:00:00,78.884,24.89,67.94,0.71,0.0,0,0.0
2025-11-25 17:00:00,75.684,25.75,66.64,1.41,0.0,0,0.0
2025-11-25 18:00:00,79.361,23.47,55.8,0.59,0.0,0,0.0
2025-11-25 19:00:00,79.249,23.12,60.35,0.17,0.0,0,0.0
2025-11-25 20:00:00,82.189,27.16,61.44,0.1,6.63,0,0.0
2025-11-25 21:00:00,80.426,27.24,62.66,1.04,0.0,1,23.9
2025-11-25 22:00:00,78.596,24.19,58.98,0.69,0.0,0,0.0
2025-11-25 23:00:00,68.461,22.55,65.66,1.0,0.0,0,0.0
2025-11-26 00:00:00,62.86,24.1,55.4,2.52,0.0,0,0.0
2025-11-26 01:00:00,60.226,24.13,58.5,1.52,0.0,0,0.0
2025-11-26 02:00:00,63.766,24.14,64.26,3.8,0.0,0,0.0
2025-11-26 03:00:00,65.544,21.56,64.45,3.36,0.77,0,0.0
2025-11-26 04:00:00,67.826,19.53,68.84,3.47,0.0,0,0.0
2025-11-26 05:00:00,64.07,18.08,57.86,3.03,11.55,0,0.0
2025-11-26 06:00:00,69.608,18.53,59.5,4.16,0.0,0,0.0
2025-11-26 07:00:00,68.011,17.76,58.07,3.65,0.0,0,0.0
2025-11-26 08:00:00,70.631,16.76,60.82,3.09,3.38,0,0.0
2025-11-26 09:00:00,73.88,20.57,55.72,3.38,0.0,0,0.0
2025-11-26 10:00:00,75.338,20.66,63.17,1.94,0.0,0,0.0
2025-11-26 11:00:00,71.75,20.51,63.62,1.61,0.0,0,0.0
2025-11-26 12:00:00,67.447,18.87,66.54,1.53,0.0,0,0.0
2025-11-26 13:00:00,69.058,21.97,60.59,2.02,0.0,0,0.0
2025-11-26 14:00:00,67.718,22.75,54.4,1.45,0.0,0,0.0
2025-11-26 15:00:00,74.352,23.55,63.98,1.77,0.0,0,0.0
2025-11-26 16:00:00,78.054,25.48,53.53,0.35,0.0,0,0.0
2025-11-26 17:00:00,82.515,25.57,65.65,1.1,0.0,0,0.0
2025-11-26 18:00:00,81.347,26.33,52.54,0.63,0.0,0,0.0
2025-11-26 19:00:00,85.964,26.61,59.99,0.19,0.0,0,0.0
2025-11-26 20:00:00,80.151,26.39,65.59,1.13,0.0,0,0.0
2025-11-26 21:00:00,83.74,23.7,62.37,1.1,0.0,0,0.0
2025-11-26 22:00:00,73.496,25.54,61.8,1.07,0.0,0,0.0
2025-11-26 23:00:00,67.411,24.14,63.74,1.84,0.0,0,0.0
2025-11-27 00:00:00,67.498,22.47,56.35,2.12,0.0,0,0.0
2025-11-27 01:00:00,63.478,25.06,63.09,2.5,0.0,0,0.0
2025-11-27 02:00:00,65.839,24.08,66.76,2.7,0.0,0,0.0
2025-11-27 03:00:00,63.231,22.6,69.05,2.48,0.0,0,0.0
2025-11-27 04:00:00,71.348,20.31,62.46,3.54,0.0,0,0.0
2025-11-27 05:00:00,71.256,20.8,60.69,3.17,0.0,0,0.0
2025-11-27 06:00:00,72.998,18.56,68.17,3.09,0.0,0,0.0
2025-11-27 07:00:00,71.509,18.39,65.11,3.5,0.0,0,0.0
2025-11-27 08:00:00,75.226,16.69,61.84,3.94,0.0,0,0.0
2025-11-27 09:00:00,73.625,18.62,59.41,3.37,0.0,0,0.0
2025-11-27 10:00:00,75.858,18.61,59.39,2.63,0.0,1,61.0
2025-11-27 11:00:00,70.552,17.61,64.32,2.25,0.0,0,0.0
2025-11-27 12:00:00,73.811,19.94,58.59,2.58,0.82,0,0.0
2025-11-27 13:00:00,67.507,20.87,55.77,0.37,0.0,0,0.0
2025-11-27 14:00:00,68.935,24.16,54.28,1.93,0.0,0,0.0
2025-11-27 15:00:00,73.623,24.11,67.48,0.1,4.89,0,0.0
2025-11-27 16:00:00,75.728,24.02,54.68,0.1,0.0,0,0.0
2025-11-27 17:00:00,77.802,25.13,54.02,0.44,0.0,0,0.0
2025-11-27 18:00:00,83.189,25.52,59.45,2.0,0.0,0,0.0
2025-11-27 19:00:00,81.437,25.63,56.3,1.76,0.0,0,0.0
2025-11-27 20:00:00,84.608,24.71,67.62,1.32,0.0,0,0.0
2025-11-27 21:00:00,83.853,25.69,66.25,1.35,0.0,0,0.0
2025-11-27 22:00:00,75.863,24.57,59.33,0.33,0.0,0,0.0
2025-11-27 23:00:00,77.614,23.33,60.73,1.91,0.0,0,0.0
2025-11-28 00:00:00,67.572,24.65,58.84,1.87,0.0,0,0.0
2025-11-28 01:00:00,69.489,23.54,54.45,2.1,0.0,0,0.0
2025-11-28 02:00:00,64.039,19.89,60.46,3.04,0.0,0,0.0
2025-11-28 03:00:00,60.196,20.85,57.33,2.98,0.0,0,0.0
2025-11-28 04:00:00,63.301,21.23,56.8,4.02,0.0,0,0.0
2025-11-28 05:00:00,65.506,20.47,64.13,2.49,0.0,0,0.0
2025-11-28 06:00:00,65.945,19.8,57.6,3.75,0.0,0,0.0
2025-11-28 07:00:00,65.147,18.21,58.62,3.12,0.0,0,0.0
2025-11-28 08:00:00,75.739,17.02,65.0,3.25,0.0,0,0.0
2025-11-28 09:00:00,69.331,16.87,64.51,3.44,0.0,0,0.0
2025-11-28 10:00:00,75.399,18.98,58.68,2.28,0.0,0,0.0
2025-11-28 11:00:00,76.634,19.66,56.27,2.69,0.0,0,0.0
2025-11-28 12:00:00,67.918,21.58,57.95,2.07,0.0,0,0.0
2025-11-28 13:00:00,70.154,22.32,58.15,1.42,0.0,0,0.0
2025-11-28 14:00:00,69.682,21.87,66.88,1.17,0.0,0,0.0
2025-11-28 15:00:00,75.093,21.57,68.79,1.05,0.0,0,0.0
2025-11-28 16:00:00,75.294,23.65,59.9,0.44,8.5,0,0.0
2025-11-28 17:00:00,78.968,25.12,59.0,0.76,0.0,0,0.0
2025-11-28 18:00:00,85.162,25.25,63.54,0.53,0.0,0,0.0
2025-11-28 19:00:00,83.068,25.2,62.28,0.38,0.0,0,0.0
2025-11-28 20:00:00,77.616,26.34,54.96,1.85,0.0,0,0.0
2025-11-28 21:00:00,81.938,25.29,54.44,1.39,0.0,0,0.0
2025-11-28 22:00:00,72.527,24.74,59.72,1.22,0.0,1,93.6
2025-11-28 23:00:00,72.696,25.23,61.33,1.9,0.0,0,0.0
2025-11-29 00:00:00,60.256,23.58,55.94,1.58,0.0,0,0.0
2025-11-29 01:00:00,59.338,23.39,58.37,2.33,0.0,0,0.0
2025-11-29 02:00:00,65.384,22.39,59.16,2.76,0.0,0,0.0
2025-11-29 03:00:00,60.778,19.66,60.13,2.51,0.0,0,0.0
2025-11-29 04:00:00,59.418,19.48,63.22,3.73,0.0,0,0.0
2025-11-29 05:00:00,63.248,20.95,65.22,3.35,0.0,0,0.0
2025-11-29 06:00:00,64.221,17.2,65.32,3.49,1.78,0,0.0
2025-11-29 07:00:00,65.117,15.65,61.63,3.31,0.0,0,0.0
2025-11-29 08:00:00,67.606,15.82,60.05,5.27,0.0,0,0.0
2025-11-29 09:00:00,68.158,18.23,69.39,2.86,0.0,0,0.0
2025-11-29 10:00:00,68.609,18.63,64.01,1.71,0.0,0,0.0
2025-11-29 11:00:00,65.734,19.09,57.48,1.63,4.27,0,0.0
2025-11-29 12:00:00,59.743,21.51,58.96,2.66,0.0,0,0.0
2025-11-29 13:00:00,66.877,17.82,69.37,2.61,0.0,0,0.0
2025-11-29 14:00:00,63.801,22.53,65.76,1.04,0.0,0,0.0
2025-11-29 15:00:00,68.256,24.97,66.16,1.91,0.0,0,0.0
2025-11-29 16:00:00,68.539,22.7,63.41,1.35,0.0,0,0.0
2025-11-29 17:00:00,71.946,24.43,59.69,0.64,0.0,0,0.0
2025-11-29 18:00:00,73.786,24.62,59.63,0.54,0.0,0,0.0
2025-11-29 19:00:00,79.398,24.85,56.0,0.86,0.0,1,42.8
2025-11-29 20:00:00,79.811,25.67,62.36,1.43,0.0,0,0.0
2025-11-29 21:00:00,74.425,27.63,60.2,1.38,0.0,0,0.0
2025-11-29 22:00:00,68.889,27.73,53.69,1.04,0.0,0,0.0
2025-11-29 23:00:00,63.187,24.48,66.6,1.71,0.0,0,0.0
2025-11-30 00:00:00,62.13,26.37,57.7,3.39,2.11,0,0.0
2025-11-30 01:00:00,56.984,23.16,54.85,2.74,0.0,0,0.0
2025-11-30 02:00:00,56.526,24.19,58.4,3.47,0.0,0,0.0
2025-11-30 03:00:00,60.112,20.94,68.49,3.58,0.0,0,0.0
2025-11-30 04:00:00,59.893,20.24,69.61,3.66,0.0,0,0.0
2025-11-30 05:00:00,57.58,19.69,63.54,3.71,0.0,0,0.0
2025-11-30 06:00:00,61.037,22.43,68.88,4.24,0.0,0,0.0
2025-11-30 07:00:00,67.318,19.24,69.58,4.08,0.0,0,0.0
2025-11-30 08:00:00,66.64,17.24,70.04,3.66,0.0,0,0.0
2025-11-30 09:00:00,70.743,19.38,69.27,2.84,0.0,0,0.0
2025-11-30 10:00:00,68.273,18.19,62.82,3.18,0.0,0,0.0
2025-11-30 11:00:00,69.357,18.67,68.15,2.55,0.0,0,0.0
2025-11-30 12:00:00,62.871,21.17,63.96,2.02,0.0,0,0.0
2025-11-30 13:00:00,64.904,21.09,66.14,3.42,0.0,0,0.0
2025-11-30 14:00:00,65.965,22.42,57.22,0.53,0.0,0,0.0
2025-11-30 15:00:00,65.93,23.14,65.09,1.71,0.0,0,0.0
2025-11-30 16:00:00,74.035,24.49,67.67,0.38,0.0,0,0.0
2025-11-30 17:00:00,69.574,25.42,57.29,0.83,0.0,0,0.0
2025-11-30 18:00:00,75.003,23.22,68.86,2.24,0.0,0,0.0
2025-11-30 19:00:00,73.302,26.75,57.63,0.17,0.0,0,0.0
2025-11-30 20:00:00,74.259,24.91,56.05,0.47,0.0,0,0.0
2025-11-30 21:00:00,72.884,24.22,55.15,1.13,0.0,0,0.0
2025-11-30 22:00:00,73.014,25.48,64.49,0.94,0.0,0,0.0
2025-11-30 23:00:00,66.628,25.01,61.31,2.34,0.0,0,0.0
2025-12-01 00:00:00,63.087,23.28,58.64,1.88,0.0,0,0.0
2025-12-01 01:00:00,61.288,24.14,62.64,2.98,0.0,0,0.0
2025-12-01 02:00:00,61.377,20.5,60.68,2.15,0.0,0,0.0
2025-12-01 03:00:00,65.67,20.59,62.37,2.18,0.0,0,0.0
2025-12-01 04:00:00,68.281,19.41,69.29,3.36,0.0,0,0.0
2025-12-01 05:00:00,66.068,19.23,66.49,2.71,0.0,0,0.0
2025-12-01 06:00:00,72.341,18.98,68.05,4.61,0.0,0,0.0
2025-12-01 07:00:00,68.93,17.04,66.53,2.73,0.0,0,0.0
2025-12-01 08:00:00,73.291,18.98,71.48,2.88,0.0,0,0.0
2025-12-01 09:00:00,73.178,18.32,60.63,3.51,0.0,0,0.0
2025-12-01 10:00:00,76.863,16.38,62.11,2.6,0.0,0,0.0
2025-12-01 11:00:00,71.398,16.93,59.23,1.68,0.0,1,124.9
2025-12-01 12:00:00,65.82,20.1,64.25,3.42,0.0,0,0.0
2025-12-01 13:00:00,72.038,20.81,64.71,1.21,0.0,0,0.0
2025-12-01 14:00:00,75.285,21.99,65.7,1.33,0.0,0,0.0
2025-12-01 15:00:00,71.804,23.11,59.16,1.01,0.0,0,0.0
2025-12-01 16:00:00,73.074,24.38,53.55,1.33,0.0,0,0.0
2025-12-01 17:00:00,82.003,26.08,61.84,1.03,0.0,0,0.0
2025-12-01 18:00:00,87.666,24.24,68.44,0.2,0.0,0,0.0
2025-12-01 19:00:00,84.826,24.57,57.68,0.56,0.0,0,0.0
2025-12-01 20:00:00,77.534,24.8,55.88,0.76,0.0,0,0.0
2025-12-01 21:00:00,82.474,26.32,56.43,1.59,4.27,0,0.0
2025-12-01 22:00:00,77.127,27.07,58.14,0.75,0.0,1,111.5
2025-12-01 23:00:00,69.633,24.42,57.11,3.02,0.0,0,0.0
2025-12-02 00:00:00,67.63,21.14,60.52,1.74,0.0,0,0.0
2025-12-02 01:00:00,65.97,21.13,64.9,2.58,0.0,0,0.0
2025-12-02 02:00:00,67.826,21.14,60.49,2.25,0.0,0,0.0
2025-12-02 03:00:00,65.407,20.43,61.68,2.48,10.77,0,0.0
2025-12-02 04:00:00,65.899,19.65,56.81,2.97,0.0,0,0.0
2025-12-02 05:00:00,65.298,19.36,70.16,3.07,0.0,0,0.0
2025-12-02 06:00:00,69.348,18.3,63.12,3.45,0.0,0,0.0
2025-12-02 07:00:00,78.202,19.53,61.2,3.06,10.86,0,0.0
2025-12-02 08:00:00,69.176,17.33,58.9,3.92,0.0,0,0.0
2025-12-02 09:00:00,71.01,17.24,67.17,2.79,0.0,0,0.0
2025-12-02 10:00:00,76.705,19.25,69.41,2.41,0.0,0,0.0
2025-12-02 11:00:00,71.046,17.47,58.14,2.35,0.0,0,0.0
2025-12-02 12:00:00,72.723,20.61,57.82,2.8,0.0,0,0.0
2025-12-02 13:00:00,67.021,21.23,57.46,1.94,0.0,0,0.0
2025-12-02 14:00:00,70.639,21.96,63.86,1.39,0.0,0,0.0
2025-12-02 15:00:00,75.294,25.08,66.77,0.28,0.0,0,0.0
2025-12-02 16:00:00,76.391,23.39,60.53,0.22,0.0,0,0.0
2025-12-02 17:00:00,75.131,27.44,56.69,0.1,0.0,0,0.0
2025-12-02 18:00:00,89.624,25.33,64.29,1.48,0.0,0,0.0
2025-12-02 19:00:00,83.925,24.47,64.46,1.07,0.0,0,0.0
2025-12-02 20:00:00,78.536,26.22,55.97,0.38,0.0,0,0.0
2025-12-02 21:00:00,79.748,24.71,55.59,0.8,0.0,0,0.0
2025-12-02 22:00:00,76.834,24.7,58.55,0.95,0.0,0,0.0
2025-12-02 23:00:00,75.444,25.44,64.37,1.28,0.0,0,0.0
2025-12-03 00:00:00,67.722,24.83,63.53,2.48,0.0,0,0.0
2025-12-03 01:00:00,64.57,22.45,64.52,2.42,0.0,0,0.0
2025-12-03 02:00:00,61.256,23.35,66.43,4.2,0.0,0,0.0
2025-12-03 03:00:00,66.084,22.52,58.65,4.01,0.0,0,0.0
2025-12-03 04:00:00,61.545,21.89,59.96,4.28,0.0,0,0.0
2025-12-03 05:00:00,69.696,19.97,56.65,4.05,1.1,0,0.0
2025-12-03 06:00:00,67.864,20.34,68.83,3.45,0.0,0,0.0
2025-12-03 07:00:00,72.832,16.04,67.11,4.01,0.0,0,0.0
2025-12-03 08:00:00,71.504,17.78,61.8,3.29,0.0,0,0.0
2025-12-03 09:00:00,72.388,17.26,58.68,4.24,0.0,0,0.0
2025-12-03 10:00:00,72.972,18.84,67.54,3.19,2.96,0,0.0
2025-12-03 11:00:00,75.44,18.65,68.04,2.75,4.45,0,0.0
2025-12-03 12:00:00,68.976,19.97,66.01,2.28,0.0,0,0.0
2025-12-03 13:00:00,71.336,23.39,57.02,2.86,0.0,0,0.0
2025-12-03 14:00:00,69.52,21.96,68.52,0.59,0.0,0,0.0
2025-12-03 15:00:00,72.607,23.7,65.08,2.24,0.0,0,0.0
2025-12-03 16:00:00,76.375,23.89,63.53,0.79,0.0,0,0.0
2025-12-03 17:00:00,80.196,25.08,62.71,0.1,0.0,1,78.1
2025-12-03 18:00:00,80.606,25.64,66.18,0.25,0.25,0,0.0
2025-12-03 19:00:00,85.715,26.57,65.98,0.1,0.0,0,0.0
2025-12-03 20:00:00,81.923,27.56,60.4,1.29,0.0,0,0.0
2025-12-03 21:00:00,81.132,28.01,57.45,0.52,0.0,0,0.0
2025-12-03 22:00:00,75.916,26.0,57.86,1.55,0.0,0,0.0
2025-12-03 23:00:00,74.552,25.7,64.87,2.49,0.0,1,72.8
2025-12-04 00:00:00,64.715,22.81,63.98,1.8,2.09,0,0.0
2025-12-04 01:00:00,62.359,23.12,55.29,2.43,0.0,0,0.0
2025-12-04 02:00:00,65.625,23.32,56.14,2.17,0.0,0,0.0
2025-12-04 03:00:00,64.623,22.2,68.18,3.03,0.0,0,0.0
2025-12-04 04:00:00,69.973,20.45,69.0,5.04,0.0,0,0.0
2025-12-04 05:00:00,67.946,20.43,70.02,4.12,0.0,0,0.0
2025-12-04 06:00:00,65.509,19.32,62.83,3.54,0.0,0,0.0
2025-12-04 07:00:00,70.561,19.77,67.9,3.28,0.0,0,0.0
2025-12-04 08:00:00,71.563,18.54,69.3,3.47,0.0,0,0.0
2025-12-04 09:00:00,76.777,17.9,61.99,3.34,0.0,0,0.0
2025-12-04 10:00:00,75.22,19.13,58.7,2.7,0.0,0,0.0
2025-12-04 11:00:00,72.229,15.85,73.45,2.91,0.0,0,0.0
2025-12-04 12:00:00,70.414,20.65,56.06,1.63,0.0,0,0.0
2025-12-04 13:00:00,69.023,16.78,66.89,1.24,0.0,0,0.0
2025-12-04 14:00:00,72.575,20.13,65.68,1.67,0.0,0,0.0
2025-12-04 15:00:00,75.847,23.77,63.96,0.44,4.76,0,0.0
2025-12-04 16:00:00,77.569,24.77,56.97,1.34,0.0,0,0.0
2025-12-04 17:00:00,82.459,23.63,64.65,0.74,10.55,0,0.0
2025-12-04 18:00:00,80.162,24.8,56.36,0.1,0.0,0,0.0
2025-12-04 19:00:00,85.636,27.7,63.81,0.82,0.0,0,0.0
2025-12-04 20:00:00,85.712,25.61,55.92,0.1,0.0,0,0.0
2025-12-04 21:00:00,83.077,28.75,61.2,1.56,0.0,0,0.0
2025-12-04 22:00:00,80.529,25.65,64.36,1.3,0.0,0,0.0
2025-12-04 23:00:00,72.553,25.51,55.53,2.92,0.0,0,0.0
2025-12-05 00:00:00,62.515,26.16,55.87,2.84,0.0,0,0.0
2025-12-05 01:00:00,63.248,23.41,65.64,1.95,0.0,0,0.0
2025-12-05 02:00:00,67.677,21.02,56.68,1.74,0.0,0,0.0
2025-12-05 03:00:00,60.032,21.05,58.23,2.81,0.0,0,0.0
2025-12-05 04:00:00,69.443,20.18,62.73,2.77,0.0,0,0.0
2025-12-05 05:00:00,65.485,17.75,71.3,4.74,0.0,0,0.0
2025-12-05 06:00:00,73.88,18.45,65.36,3.69,0.0,0,0.0
2025-12-05 07:00:00,71.008,17.47,63.34,4.21,0.0,0,0.0
2025-12-05 08:00:00,76.218,19.33,71.08,3.33,0.0,0,0.0
2025-12-05 09:00:00,80.37,18.4,63.92,3.15,0.0,0,0.0
2025-12-05 10:00:00,72.838,18.42,63.46,2.93,0.0,0,0.0
2025-12-05 11:00:00,71.077,19.27,62.62,3.25,0.0,1,80.8
2025-12-05 12:00:00,68.386,20.49,60.39,2.39,0.0,0,0.0
2025-12-05 13:00:00,66.979,21.93,59.73,1.18,0.0,0,0.0
2025-12-05 14:00:00,69.794,21.02,65.7,2.42,0.0,0,0.0
2025-12-05 15:00:00,70.589,22.01,55.41,0.96,0.0,0,0.0
2025-12-05 16:00:00,73.457,25.55,62.9,0.63,0.0,0,0.0
2025-12-05 17:00:00,78.609,24.55,56.29,0.1,0.0,0,0.0
2025-12-05 18:00:00,83.05,23.98,59.37,1.08,0.0,0,0.0
2025-12-05 19:00:00,80.61,26.62,54.23,0.81,0.0,0,0.0
2025-12-05 20:00:00,82.098,26.78,60.23,0.96,0.0,0,0.0
2025-12-05 21:00:00,83.368,24.25,64.39,0.9,0.0,0,0.0
2025-12-05 22:00:00,72.45,25.96,57.74,1.1,0.0,0,0.0
2025-12-05 23:00:00,77.021,25.93,54.89,1.59,0.0,0,0.0
2025-12-06 00:00:00,57.593,24.7,56.58,2.48,0.0,0,0.0
2025-12-06 01:00:00,60.619,24.04,65.85,2.97,0.0,0,0.0
2025-12-06 02:00:00,62.175,20.56,59.68,2.81,0.0,0,0.0
2025-12-06 03:00:00,64.121,21.61,66.65,3.83,0.0,0,0.0
2025-12-06 04:00:00,61.165,19.89,61.04,3.45,0.0,0,0.0
2025-12-06 05:00:00,59.586,18.84,59.53,3.35,1.06,0,0.0
2025-12-06 06:00:00,62.059,19.83,67.01,3.82,0.0,1,71.8
2025-12-06 07:00:00,64.723,20.16,62.93,2.83,0.0,0,0.0
2025-12-06 08:00:00,72.374,20.4,56.23,3.64,0.0,0,0.0
2025-12-06 09:00:00,68.913,19.96,70.42,2.34,0.0,0,0.0
2025-12-06 10:00:00,68.603,18.65,59.02,2.33,0.0,0,0.0
2025-12-06 11:00:00,63.848,19.84,61.39,1.38,0.0,0,0.0
2025-12-06 12:00:00,61.954,21.17,61.07,2.09,0.0,0,0.0
2025-12-06 13:00:00,64.258,21.36,62.53,2.78,0.0,0,0.0
2025-12-06 14:00:00,64.651,22.41,66.34,1.38,0.0,0,0.0
2025-12-06 15:00:00,66.098,24.27,53.53,1.53,0.0,0,0.0
2025-12-06 16:00:00,68.111,24.18,67.48,2.31,1.61,0,0.0
2025-12-06 17:00:00,74.107,24.2,63.17,0.99,0.0,0,0.0
2025-12-06 18:00:00,81.327,25.22,67.13,0.24,0.0,0,0.0
2025-12-06 19:00:00,76.286,26.87,64.14,0.37,0.0,0,0.0
2025-12-06 20:00:00,79.779,26.25,66.17,0.9,0.0,0,0.0
2025-12-06 21:00:00,65.802,26.52,61.1,0.76,0.0,0,0.0
2025-12-06 22:00:00,68.595,26.52,57.45,1.12,0.0,0,0.0
2025-12-06 23:00:00,62.209,24.63,59.87,2.4,0.0,0,0.0
2025-12-07 00:00:00,63.106,25.18,62.76,2.82,0.0,0,0.0
2025-12-07 01:00:00,61.725,23.77,60.14,1.6,0.0,0,0.0
2025-12-07 02:00:00,57.146,20.8,66.5,2.46,0.0,0,0.0
2025-12-07 03:00:00,60.054,22.97,55.59,2.98,0.0,0,0.0
2025-12-07 04:00:00,63.749,19.68,68.64,3.86,0.0,0,0.0
2025-12-07 05:00:00,64.286,17.46,60.59,4.33,0.0,0,0.0
2025-12-07 06:00:00,63.085,17.56,71.62,5.32,0.0,0,0.0
2025-12-07 07:00:00,60.854,17.19,60.02,3.37,3.37,0,0.0
2025-12-07 08:00:00,65.335,18.34,58.93,3.25,0.0,0,0.0
2025-12-07 09:00:00,71.37,18.08,69.33,3.61,0.0,0,0.0
2025-12-07 10:00:00,74.05,18.41,69.24,2.54,0.0,0,0.0
2025-12-07 11:00:00,66.973,20.19,66.97,2.5,0.0,0,0.0
2025-12-07 12:00:00,64.164,20.69,70.0,1.95,0.0,0,0.0
2025-12-07 13:00:00,71.776,21.62,59.09,0.24,6.17,0,0.0
2025-12-07 14:00:00,66.614,22.77,66.74,1.52,0.0,0,0.0
2025-12-07 15:00:00,64.181,24.05,58.85,1.03,0.0,0,0.0
2025-12-07 16:00:00,70.175,21.75,63.01,1.66,0.0,0,0.0
2025-12-07 17:00:00,76.577,24.67,59.88,0.75,0.0,0,0.0
2025-12-07 18:00:00,76.826,23.13,54.21,0.1,3.95,0,0.0
2025-12-07 19:00:00,79.988,26.18,60.91,0.6,0.0,0,0.0
2025-12-07 20:00:00,73.286,26.27,63.45,0.1,0.0,0,0.0
2025-12-07 21:00:00,70.374,27.4,54.18,0.41,0.0,0,0.0
2025-12-07 22:00:00,69.735,27.17,65.67,1.83,0.0,0,0.0
2025-12-07 23:00:00,66.529,25.35,60.75,1.66,0.0,0,0.0
2025-12-08 00:00:00,65.484,23.71,56.45,2.75,0.0,0,0.0
2025-12-08 01:00:00,66.999,23.92,63.34,1.41,0.0,0,0.0
2025-12-08 02:00:00,70.725,21.67,57.88,2.8,0.0,0,0.0
2025-12-08 03:00:00,62.769,21.27,56.19,2.98,0.0,0,0.0
2025-12-08 04:00:00,65.492,21.49,65.39,4.07,0.0,0,0.0
2025-12-08 05:00:00,64.669,18.81,58.38,4.05,0.0,0,0.0
2025-12-08 06:00:00,71.343,19.81,57.71,4.09,0.0,0,0.0
2025-12-08 07:00:00,74.857,19.25,67.55,4.57,0.0,0,0.0
2025-12-08 08:00:00,71.742,17.16,58.53,3.28,0.0,0,0.0
2025-12-08 09:00:00,81.388,19.61,68.38,4.06,3.53,0,0.0
2025-12-08 10:00:00,72.681,19.68,68.13,2.32,0.0,0,0.0
2025-12-08 11:00:00,74.248,19.6,58.36,1.94,0.0,0,0.0
2025-12-08 12:00:00,76.043,19.39,64.14,2.65,6.71,0,0.0
2025-12-08 13:00:00,65.628,20.24,57.31,0.91,0.0,0,0.0
2025-12-08 14:00:00,72.151,21.66,64.49,1.79,0.0,0,0.0
2025-12-08 15:00:00,65.529,23.99,54.55,1.2,0.0,0,0.0
2025-12-08 16:00:00,80.797,23.16,68.27,1.54,6.51,0,0.0
2025-12-08 17:00:00,76.617,25.66,55.72,0.72,0.0,0,0.0
2025-12-08 18:00:00,83.921,24.28,63.68,0.73,0.0,0,0.0
2025-12-08 19:00:00,84.721,25.92,54.37,1.06,0.0,0,0.0
2025-12-08 20:00:00,84.843,26.44,55.28,0.5,0.0,0,0.0
2025-12-08 21:00:00,82.336,29.1,57.3,0.72,0.0,0,0.0
2025-12-08 22:00:00,76.34,24.12,62.13,1.73,0.0,0,0.0
2025-12-08 23:00:00,73.842,26.9,66.84,1.79,3.79,0,0.0
2025-12-09 00:00:00,64.364,24.51,53.68,1.96,0.0,0,0.0
2025-12-09 01:00:00,61.673,23.86,53.69,2.54,0.0,0,0.0
2025-12-09 02:00:00,64.396,22.48,59.77,3.91,0.0,1,33.3
2025-12-09 03:00:00,64.442,21.83,60.39,2.99,0.0,0,0.0
2025-12-09 04:00:00,64.475,20.15,69.17,3.22,0.0,0,0.0
2025-12-09 05:00:00,63.62,21.25,68.94,2.62,0.0,0,0.0
2025-12-09 06:00:00,67.047,18.32,70.21,3.67,1.93,0,0.0
2025-12-09 07:00:00,63.352,19.83,58.25,4.04,0.0,0,0.0
2025-12-09 08:00:00,72.707,17.56,63.64,4.0,0.0,0,0.0
2025-12-09 09:00:00,75.858,18.4,68.15,3.33,0.0,0,0.0
2025-12-09 10:00:00,66.802,17.58,62.14,3.52,0.0,0,0.0
2025-12-09 11:00:00,73.134,20.05,65.92,3.03,0.0,0,0.0
2025-12-09 12:00:00,70.02,22.07,58.32,2.87,0.0,0,0.0
2025-12-09 13:00:00,66.578,21.21,60.13,2.4,0.0,0,0.0
2025-12-09 14:00:00,70.055,22.1,67.65,2.39,0.0,0,0.0
2025-12-09 15:00:00,75.047,22.03,58.54,1.04,0.0,0,0.0
2025-12-09 16:00:00,74.518,24.06,68.03,0.1,0.0,0,0.0
2025-12-09 17:00:00,79.459,23.25,58.64,1.15,0.0,0,0.0
2025-12-09 18:00:00,82.463,24.7,53.53,1.17,0.0,0,0.0
2025-12-09 19:00:00,82.031,26.47,55.94,1.69,3.22,0,0.0
2025-12-09 20:00:00,87.65,27.92,53.82,1.67,9.78,0,0.0
2025-12-09 21:00:00,82.6,29.57,57.86,2.31,4.36,1,55.6
2025-12-09 22:00:00,75.029,25.09,54.63,1.82,0.0,0,0.0
2025-12-09 23:00:00,79.034,26.89,61.26,1.95,0.0,0,0.0
2025-12-10 00:00:00,68.404,24.66,66.33,1.37,0.0,0,0.0
2025-12-10 01:00:00,60.746,23.22,59.51,2.77,0.0,0,0.0
2025-12-10 02:00:00,63.761,22.88,56.8,2.62,0.0,0,0.0
2025-12-10 03:00:00,71.367,21.4,61.16,3.39,0.0,0,0.0
2025-12-10 04:00:00,64.187,20.5,67.49,3.53,0.9,0,0.0
2025-12-10 05:00:00,67.425,19.04,65.45,3.93,0.0,0,0.0
2025-12-10 06:00:00,71.468,17.22,59.18,3.64,0.0,0,0.0
2025-12-10 07:00:00,73.099,16.65,66.07,4.21,0.0,0,0.0
2025-12-10 08:00:00,75.774,19.15,63.53,1.87,0.0,0,0.0
2025-12-10 09:00:00,79.977,18.17,62.01,3.37,12.67,0,0.0
2025-12-10 10:00:00,73.372,18.18,58.74,3.67,0.0,0,0.0
2025-12-10 11:00:00,71.01,19.55,70.99,3.71,0.0,0,0.0
2025-12-10 12:00:00,71.377,21.32,57.85,2.64,0.38,0,0.0
2025-12-10 13:00:00,68.39,21.54,57.96,2.82,0.0,0,0.0
2025-12-10 14:00:00,68.827,21.58,57.24,1.55,0.0,0,0.0
2025-12-10 15:00:00,76.978,24.87,61.63,1.14,0.0,0,0.0
2025-12-10 16:00:00,75.516,26.26,58.9,1.22,0.0,0,0.0
2025-12-10 17:00:00,83.778,25.79,56.27,0.75,0.0,0,0.0
2025-12-10 18:00:00,83.154,27.0,58.24,0.23,0.0,0,0.0
2025-12-10 19:00:00,85.544,27.72,61.47,0.44,6.7,0,0.0
2025-12-10 20:00:00,77.825,27.72,55.59,0.23,0.0,0,0.0
2025-12-10 21:00:00,85.914,26.96,65.55,1.46,0.0,0,0.0
2025-12-10 22:00:00,76.14,26.55,56.67,1.46,0.0,0,0.0
2025-12-10 23:00:00,66.711,25.82,55.48,1.6,0.0,0,0.0
2025-12-11 00:00:00,68.304,23.08,68.47,1.86,0.0,0,0.0
2025-12-11 01:00:00,65.666,24.27,65.6,2.89,0.0,0,0.0
2025-12-11 02:00:00,62.445,20.77,60.69,3.42,0.0,0,0.0
2025-12-11 03:00:00,68.103,20.4,68.38,2.58,0.0,0,0.0
2025-12-11 04:00:00,59.808,21.96,62.61,2.73,0.0,0,0.0
2025-12-11 05:00:00,65.322,20.57,60.86,4.22,0.0,0,0.0
2025-12-11 06:00:00,69.201,20.71,68.17,2.87,0.0,0,0.0
2025-12-11 07:00:00,74.141,18.2,68.36,3.98,0.0,0,0.0
2025-12-11 08:00:00,78.904,17.01,62.26,4.47,0.0,0,0.0
2025-12-11 09:00:00,74.181,18.24,66.16,4.23,0.0,0,0.0
2025-12-11 10:00:00,74.984,19.05,62.11,3.39,0.0,0,0.0
2025-12-11 11:00:00,78.437,19.66,56.22,3.01,0.0,0,0.0
2025-12-11 12:00:00,71.451,21.75,69.38,3.55,0.0,0,0.0
2025-12-11 13:00:00,71.06,20.92,63.69,0.41,0.0,0,0.0
2025-12-11 14:00:00,67.797,22.81,63.29,1.17,0.0,0,0.0
2025-12-11 15:00:00,77.931,22.24,63.65,1.65,0.0,0,0.0
2025-12-11 16:00:00,74.72,24.93,61.3,0.7,0.0,0,0.0
2025-12-11 17:00:00,80.21,25.22,57.22,1.49,0.0,0,0.0
2025-12-11 18:00:00,83.714,24.96,67.6,0.68,0.0,0,0.0
2025-12-11 19:00:00,85.296,25.97,61.74,0.83,4.69,0,0.0
2025-12-11 20:00:00,81.714,26.17,62.36,0.74,0.0,0,0.0
2025-12-11 21:00:00,80.436,25.93,59.26,0.83,0.0,1,75.2
2025-12-11 22:00:00,80.726,27.98,55.53,1.12,0.0,1,168.7
2025-12-11 23:00:00,77.836,25.1,53.9,1.97,0.0,0,0.0
2025-12-12 00:00:00,64.649,24.13,58.78,1.74,0.0,0,0.0
2025-12-12 01:00:00,63.349,20.94,58.08,3.16,0.0,0,0.0
2025-12-12 02:00:00,63.333,21.35,65.12,3.34,0.0,0,0.0
2025-12-12 03:00:00,72.659,21.07,68.54,3.92,0.0,0,0.0
2025-12-12 04:00:00,65.927,19.6,60.78,2.82,0.0,0,0.0
2025-12-12 05:00:00,69.988,21.25,60.24,2.63,0.0,1,109.1
2025-12-12 06:00:00,76.333,18.76,66.8,3.7,16.99,0,0.0
2025-12-12 07:00:00,76.887,20.1,58.18,5.39,0.0,0,0.0
2025-12-12 08:00:00,73.842,18.5,70.84,4.26,0.0,0,0.0
2025-12-12 09:00:00,71.737,18.6,62.3,2.93,0.0,0,0.0
2025-12-12 10:00:00,78.089,18.85,58.21,3.2,0.0,0,0.0
2025-12-12 11:00:00,74.11,19.6,58.86,3.02,0.0,0,0.0
2025-12-12 12:00:00,72.657,22.48,68.5,1.38,0.0,0,0.0
2025-12-12 13:00:00,73.028,18.6,60.55,2.63,0.0,0,0.0
2025-12-12 14:00:00,71.967,20.02,65.92,1.35,0.0,0,0.0
2025-12-12 15:00:00,76.392,22.81,56.66,1.08,0.0,0,0.0
2025-12-12 16:00:00,76.557,24.44,56.25,0.92,0.0,0,0.0
2025-12-12 17:00:00,82.813,26.08,65.54,1.44,0.0,0,0.0
2025-12-12 18:00:00,83.824,26.45,54.35,0.25,1.39,0,0.0
2025-12-12 19:00:00,81.973,25.82,52.79,0.1,0.0,0,0.0
2025-12-12 20:00:00,82.241,27.64,58.93,1.09,0.0,0,0.0
2025-12-12 21:00:00,79.685,27.52,64.43,0.1,0.0,0,0.0
2025-12-12 22:00:00,76.861,26.11,57.23,1.27,0.0,0,0.0
2025-12-12 23:00:00,71.582,26.41,54.08,2.52,1.01,0,0.0
2025-12-13 00:00:00,61.735,24.78,67.87,2.55,0.0,0,0.0
2025-12-13 01:00:00,60.986,22.81,64.46,3.21,0.0,0,0.0
2025-12-13 02:00:00,60.916,23.29,66.79,3.32,0.0,0,0.0
2025-12-13 03:00:00,60.9,21.55,66.35,4.71,0.0,0,0.0
2025-12-13 04:00:00,59.418,20.45,66.2,3.15,0.0,0,0.0
2025-12-13 05:00:00,61.123,21.39,60.93,3.89,0.0,0,0.0
2025-12-13 06:00:00,59.006,16.05,63.24,3.44,0.0,0,0.0
2025-12-13 07:00:00,66.065,16.89,68.62,4.22,0.0,0,0.0
2025-12-13 08:00:00,66.034,17.03,68.53,3.46,0.0,0,0.0
2025-12-13 09:00:00,70.113,18.15,71.37,4.29,0.0,0,0.0
2025-12-13 10:00:00,66.867,18.68,65.32,2.63,0.0,0,0.0
2025-12-13 11:00:00,61.224,17.81,61.73,3.43,0.0,0,0.0
2025-12-13 12:00:00,70.629,19.27,63.78,2.56,0.0,0,0.0
2025-12-13 13:00:00,63.908,20.38,64.98,1.79,0.0,0,0.0
2025-12-13 14:00:00,69.126,25.4,59.16,1.78,0.0,0,0.0
2025-12-13 15:00:00,66.977,25.65,64.48,1.3,0.0,0,0.0
2025-12-13 16:00:00,76.265,23.96,62.39,1.11,3.39,0,0.0
2025-12-13 17:00:00,71.258,24.84,53.24,0.63,1.66,0,0.0
2025-12-13 18:00:00,78.901,24.54,61.83,0.28,4.79,0,0.0
2025-12-13 19:00:00,75.295,24.03,63.09,0.55,0.0,1,174.2
2025-12-13 20:00:00,84.25,26.31,65.94,0.1,0.0,0,0.0
2025-12-13 21:00:00,73.615,25.12,59.14,1.64,0.0,0,0.0
2025-12-13 22:00:00,73.138,25.81,61.13,0.71,0.0,0,0.0
2025-12-13 23:00:00,68.232,23.36,61.11,1.68,0.0,0,0.0
2025-12-14 00:00:00,59.794,23.57,61.84,2.59,0.0,0,0.0
2025-12-14 01:00:00,60.5,23.69,54.79,3.09,0.0,0,0.0
2025-12-14 02:00:00,63.859,22.92,67.71,1.89,0.0,1,31.0
2025-12-14 03:00:00,62.332,21.95,68.49,3.21,0.0,0,0.0
2025-12-14 04:00:00,60.86,18.9,64.88,3.77,0.0,0,0.0
2025-12-14 05:00:00,63.331,20.68,63.94,3.68,0.0,0,0.0
2025-12-14 06:00:00,71.523,18.06,58.03,4.51,12.27,0,0.0
2025-12-14 07:00:00,65.476,19.38,65.34,3.16,0.0,0,0.0
2025-12-14 08:00:00,63.638,18.47,63.36,2.27,0.0,0,0.0
2025-12-14 09:00:00,66.651,16.97,68.46,3.75,0.0,0,0.0
2025-12-14 10:00:00,66.264,18.64,57.52,2.63,3.07,0,0.0
2025-12-14 11:00:00,65.078,20.09,66.61,1.53,0.0,0,0.0
2025-12-14 12:00:00,62.844,21.22,59.57,2.1,0.0,0,0.0
2025-12-14 13:00:00,67.702,21.28,65.01,2.55,10.26,0,0.0
2025-12-14 14:00:00,66.33,24.32,62.82,0.69,0.0,0,0.0
2025-12-14 15:00:00,67.961,24.73,56.57,2.54,0.0,0,0.0
2025-12-14 16:00:00,70.058,24.17,60.1,0.4,3.46,0,0.0
2025-12-14 17:00:00,77.558,26.21,64.81,0.8,0.0,0,0.0
2025-12-14 18:00:00,78.896,28.27,60.12,0.1,0.0,0,0.0
2025-12-14 19:00:00,81.725,28.7,51.81,0.78,0.0,0,0.0
2025-12-14 20:00:00,79.033,25.01,59.64,0.82,0.0,0,0.0
2025-12-14 21:00:00,73.258,25.23,57.54,0.25,0.0,0,0.0
2025-12-14 22:00:00,74.694,27.73,60.99,3.15,0.0,0,0.0
2025-12-14 23:00:00,68.114,24.04,62.79,1.51,0.0,0,0.0
2025-12-15 00:00:00,66.526,22.92,54.4,1.9,0.0,0,0.0
2025-12-15 01:00:00,67.263,22.96,63.34,3.17,0.0,0,0.0
2025-12-15 02:00:00,65.451,23.01,65.21,4.04,0.0,0,0.0
2025-12-15 03:00:00,66.169,21.35,66.72,3.94,0.0,1,58.1
2025-12-15 04:00:00,65.025,19.73,57.05,2.78,0.0,0,0.0
2025-12-15 05:00:00,64.838,18.87,61.23,3.78,0.0,0,0.0
2025-12-15 06:00:00,63.789,18.19,63.4,2.57,0.0,0,0.0
2025-12-15 07:00:00,69.475,17.59,60.14,4.19,0.0,0,0.0
2025-12-15 08:00:00,74.625,21.25,61.56,2.52,0.0,0,0.0
2025-12-15 09:00:00,76.927,19.0,57.66,2.78,0.0,1,249.9
2025-12-15 10:00:00,75.698,20.11,57.63,2.95,0.0,0,0.0
2025-12-15 11:00:00,71.932,19.1,66.57,2.86,0.0,0,0.0
2025-12-15 12:00:00,68.645,20.29,59.77,2.04,0.0,0,0.0
2025-12-15 13:00:00,69.777,20.62,66.3,2.72,0.0,0,0.0
2025-12-15 14:00:00,67.34,19.33,57.12,1.88,0.0,0,0.0
2025-12-15 15:00:00,67.778,21.89,63.31,1.53,0.0,0,0.0
2025-12-15 16:00:00,72.221,22.34,60.47,0.16,0.0,0,0.0
2025-12-15 17:00:00,83.557,22.64,66.37,1.77,0.0,0,0.0
2025-12-15 18:00:00,87.556,24.54,65.04,0.22,0.0,0,0.0
2025-12-15 19:00:00,86.976,27.96,56.85,1.79,4.71,0,0.0
2025-12-15 20:00:00,83.13,26.46,61.47,2.11,1.27,0,0.0
2025-12-15 21:00:00,76.379,27.92,54.66,1.45,0.0,0,0.0
2025-12-15 22:00:00,76.318,26.47,60.83,2.07,0.0,0,0.0
2025-12-15 23:00:00,73.961,26.28,53.45,0.1,0.0,0,0.0
2025-12-16 00:00:00,67.34,23.46,60.44,2.08,0.0,0,0.0
2025-12-16 01:00:00,67.585,24.2,56.22,3.25,2.86,0,0.0
2025-12-16 02:00:00,69.09,23.41,67.2,3.5,0.0,1,46.1
2025-12-16 03:00:00,70.251,20.81,62.19,2.53,0.0,0,0.0
2025-12-16 04:00:00,65.35,21.21,64.13,3.32,0.0,0,0.0
2025-12-16 05:00:00,74.284,20.39,61.17,2.13,0.0,0,0.0
2025-12-16 06:00:00,63.962,18.42,61.28,3.95,0.0,0,0.0
2025-12-16 07:00:00,69.3,17.33,60.65,2.52,0.0,0,0.0
2025-12-16 08:00:00,74.902,17.12,71.41,4.18,0.0,0,0.0
2025-12-16 09:00:00,76.684,18.78,68.72,3.97,0.0,0,0.0
2025-12-16 10:00:00,73.24,19.47,58.32,2.67,0.0,0,0.0
2025-12-16 11:00:00,71.502,18.76,67.94,2.9,0.0,0,0.0
2025-12-16 12:00:00,76.154,20.57,61.93,2.07,0.0,0,0.0
2025-12-16 13:00:00,68.046,22.19,54.92,1.96,0.0,0,0.0
2025-12-16 14:00:00,68.457,23.28,61.96,0.76,0.0,0,0.0
2025-12-16 15:00:00,77.103,25.44,54.69,1.51,0.0,0,0.0
2025-12-16 16:00:00,78.416,26.07,55.51,0.1,0.0,0,0.0
2025-12-16 17:00:00,82.922,24.17,63.94,0.1,0.0,0,0.0
2025-12-16 18:00:00,83.064,28.02,55.04,0.63,0.0,0,0.0
2025-12-16 19:00:00,80.781,25.77,65.92,0.62,0.0,0,0.0
2025-12-16 20:00:00,83.349,27.79,61.18,1.06,0.0,0,0.0
2025-12-16 21:00:00,76.845,26.49,64.59,0.75,0.0,1,45.6
2025-12-16 22:00:00,77.297,25.51,61.92,2.58,0.0,0,0.0
2025-12-16 23:00:00,78.072,23.2,67.11,1.91,10.54,0,0.0
2025-12-17 00:00:00,68.19,24.36,58.81,2.34,0.68,0,0.0
2025-12-17 01:00:00,65.062,21.73,63.2,2.71,0.0,0,0.0
2025-12-17 02:00:00,68.116,23.73,61.5,3.55,2.2,0,0.0
2025-12-17 03:00:00,64.161,23.36,67.54,3.61,0.0,0,0.0
2025-12-17 04:00:00,67.982,19.61,58.71,3.76,0.0,0,0.0
2025-12-17 05:00:00,69.283,20.1,64.61,4.09,0.0,0,0.0
2025-12-17 06:00:00,67.722,18.24,68.37,2.61,0.0,0,0.0
2025-12-17 07:00:00,72.93,17.95,62.78,2.58,0.0,1,61.2
2025-12-17 08:00:00,77.379,19.5,69.31,3.45,0.0,0,0.0
2025-12-17 09:00:00,74.888,18.66,62.4,3.14,0.0,0,0.0
2025-12-17 10:00:00,71.938,21.19,57.88,3.3,0.0,0,0.0
2025-12-17 11:00:00,73.023,19.16,65.26,2.6,0.0,0,0.0
2025-12-17 12:00:00,72.208,21.77,61.25,2.55,0.0,0,0.0
2025-12-17 13:00:00,67.298,21.65,55.24,1.06,0.0,0,0.0
2025-12-17 14:00:00,68.011,23.53,54.93,1.44,0.5,0,0.0
2025-12-17 15:00:00,75.637,23.07,57.09,0.33,5.37,0,0.0
2025-12-17 16:00:00,79.036,24.51,64.83,1.13,0.0,0,0.0
2025-12-17 17:00:00,86.018,25.26,66.22,0.1,0.0,0,0.0
2025-12-17 18:00:00,84.345,25.03,61.17,0.91,0.0,0,0.0
2025-12-17 19:00:00,80.227,27.23,53.25,0.1,0.0,1,241.7
2025-12-17 20:00:00,88.033,27.35,59.61,0.67,0.0,1,48.1
2025-12-17 21:00:00,83.414,27.15,64.55,1.68,0.0,0,0.0
2025-12-17 22:00:00,72.76,27.88,62.51,1.59,1.88,0,0.0
2025-12-17 23:00:00,70.34,27.14,56.08,0.82,0.0,0,0.0
2025-12-18 00:00:00,63.72,24.15,55.37,1.8,0.0,0,0.0
2025-12-18 01:00:00,68.231,24.08,67.06,1.69,0.0,0,0.0
2025-12-18 02:00:00,59.953,21.85,67.7,1.93,0.0,0,0.0
2025-12-18 03:00:00,64.67,21.59,55.85,3.33,0.0,0,0.0
2025-12-18 04:00:00,68.572,19.88,68.43,3.84,0.0,0,0.0
2025-12-18 05:00:00,60.016,21.72,56.43,3.91,0.0,0,0.0
2025-12-18 06:00:00,70.747,19.57,57.21,4.06,0.0,0,0.0
2025-12-18 07:00:00,74.451,18.48,68.29,3.64,0.0,0,0.0
2025-12-18 08:00:00,72.138,20.03,64.02,3.34,0.0,0,0.0
2025-12-18 09:00:00,71.6,16.13,64.54,2.62,0.0,0,0.0
2025-12-18 10:00:00,72.431,16.72,71.53,2.69,0.0,0,0.0
2025-12-18 11:00:00,66.503,20.73,68.15,1.8,0.0,0,0.0
2025-12-18 12:00:00,69.369,20.67,56.46,1.69,0.0,0,0.0
2025-12-18 13:00:00,70.883,21.87,64.12,1.87,0.0,0,0.0
2025-12-18 14:00:00,68.117,21.01,66.98,1.38,0.0,0,0.0
2025-12-18 15:00:00,75.784,23.61,62.09,2.98,0.0,0,0.0
2025-12-18 16:00:00,78.096,27.0,66.54,0.1,0.69,0,0.0
2025-12-18 17:00:00,81.157,26.42,62.44,0.68,0.0,0,0.0
2025-12-18 18:00:00,81.196,26.27,53.8,0.1,0.0,0,0.0
2025-12-18 19:00:00,85.125,25.94,55.41,0.52,0.0,0,0.0
2025-12-18 20:00:00,86.485,26.13,64.72,0.69,0.0,1,100.6
2025-12-18 21:00:00,79.615,23.91,68.61,1.65,0.0,0,0.0
2025-12-18 22:00:00,77.989,26.37,53.65,1.18,0.0,0,0.0
2025-12-18 23:00:00,74.51,26.44,53.64,1.7,0.0,0,0.0
2025-12-19 00:00:00,66.817,22.74,65.81,1.94,0.0,0,0.0
2025-12-19 01:00:00,68.962,22.87,55.24,1.75,0.0,0,0.0
2025-12-19 02:00:00,62.868,21.24,56.28,2.56,0.0,0,0.0
2025-12-19 03:00:00,65.061,20.44,69.07,3.03,0.0,0,0.0
2025-12-19 04:00:00,64.773,20.69,67.59,3.54,0.0,0,0.0
2025-12-19 05:00:00,69.595,17.3,70.84,3.98,0.0,0,0.0
2025-12-19 06:00:00,69.153,19.9,65.82,3.56,0.0,1,91.1
2025-12-19 07:00:00,70.067,19.67,61.04,3.5,0.0,0,0.0
2025-12-19 08:00:00,78.797,18.33,70.6,2.47,0.0,0,0.0
2025-12-19 09:00:00,78.826,15.79,63.01,3.58,0.0,0,0.0
2025-12-19 10:00:00,73.006,17.97,61.35,2.53,0.0,0,0.0
2025-12-19 11:00:00,72.396,21.28,68.53,3.04,8.2,0,0.0
2025-12-19 12:00:00,75.407,17.3,67.83,2.99,0.0,0,0.0
2025-12-19 13:00:00,72.605,21.18,68.73,1.7,2.41,0,0.0
2025-12-19 14:00:00,71.351,21.21,57.61,0.84,0.0,0,0.0
2025-12-19 15:00:00,74.376,24.63,67.51,1.13,0.0,0,0.0
2025-12-19 16:00:00,74.726,23.82,62.9,1.11,0.0,0,0.0
2025-12-19 17:00:00,79.424,25.94,62.45,0.56,0.0,0,0.0
2025-12-19 18:00:00,86.13,26.77,65.65,0.36,3.09,0,0.0
2025-12-19 19:00:00,82.787,28.7,56.49,1.09,0.0,0,0.0
2025-12-19 20:00:00,84.246,26.39,62.96,1.2,0.0,0,0.0
2025-12-19 21:00:00,80.531,26.95,61.44,0.93,0.0,0,0.0
2025-12-19 22:00:00,74.264,24.31,65.23,0.46,0.0,0,0.0
2025-12-19 23:00:00,77.915,26.89,65.32,2.09,0.0,0,0.0
2025-12-20 00:00:00,61.787,23.75,63.95,1.74,0.0,0,0.0
2025-12-20 01:00:00,60.153,23.02,55.2,2.72,0.0,1,22.6
2025-12-20 02:00:00,60.944,22.63,57.17,3.04,0.0,0,0.0
2025-12-20 03:00:00,56.182,19.75,70.46,2.13,0.0,0,0.0
2025-12-20 04:00:00,60.298,20.94,69.97,3.55,0.0,0,0.0
2025-12-20 05:00:00,59.803,20.99,69.91,3.96,2.44,0,0.0
2025-12-20 06:00:00,63.716,19.55,56.82,4.08,0.0,0,0.0
2025-12-20 07:00:00,66.911,16.89,63.6,3.72,0.0,0,0.0
2025-12-20 08:00:00,69.328,18.51,68.29,2.31,0.0,0,0.0
2025-12-20 09:00:00,72.931,19.69,67.48,4.03,0.0,0,0.0
2025-12-20 10:00:00,64.211,16.94,59.12,3.2,0.0,0,0.0
2025-12-20 11:00:00,65.145,18.54,66.02,1.87,0.0,0,0.0
2025-12-20 12:00:00,66.041,21.71,57.12,1.73,0.0,0,0.0
2025-12-20 13:00:00,65.387,21.95,62.23,1.95,0.0,0,0.0
2025-12-20 14:00:00,61.903,23.16,57.7,1.86,0.0,0,0.0
2025-12-20 15:00:00,70.445,25.93,53.24,0.85,0.0,0,0.0
2025-12-20 16:00:00,75.191,25.22,54.07,1.4,2.34,0,0.0
2025-12-20 17:00:00,76.459,26.28,65.9,0.1,0.0,0,0.0
2025-12-20 18:00:00,74.329,29.38,61.54,0.1,0.0,0,0.0
2025-12-20 19:00:00,79.374,26.27,66.22,0.1,0.0,0,0.0
2025-12-20 20:00:00,78.091,25.7,59.63,0.36,0.0,0,0.0
2025-12-20 21:00:00,74.022,27.04,57.98,2.04,0.0,0,0.0
2025-12-20 22:00:00,74.445,26.65,57.38,2.68,0.0,0,0.0
2025-12-20 23:00:00,68.065,24.86,62.33,1.95,2.08,0,0.0
2025-12-21 00:00:00,65.069,23.45,59.2,1.82,0.0,0,0.0
2025-12-21 01:00:00,62.753,26.5,63.29,2.46,0.0,0,0.0
2025-12-21 02:00:00,61.262,23.08,66.17,3.23,0.0,0,0.0
2025-12-21 03:00:00,63.005,20.78,68.67,2.32,0.0,0,0.0
2025-12-21 04:00:00,64.405,21.79,58.57,3.16,0.0,0,0.0
2025-12-21 05:00:00,64.357,19.73,64.07,4.51,0.0,0,0.0
2025-12-21 06:00:00,63.454,18.92,60.0,3.07,0.0,0,0.0
2025-12-21 07:00:00,64.277,19.5,56.86,3.2,0.0,0,0.0
2025-12-21 08:00:00,65.961,17.14,68.33,3.51,0.0,0,0.0
2025-12-21 09:00:00,63.874,19.25,64.68,3.43,1.05,0,0.0
2025-12-21 10:00:00,71.809,21.52,65.95,2.57,6.26,0,0.0
2025-12-21 11:00:00,65.651,20.42,57.06,2.63,0.0,0,0.0
2025-12-21 12:00:00,65.306,20.24,70.79,2.56,0.0,0,0.0
2025-12-21 13:00:00,67.976,21.05,70.29,2.99,0.0,0,0.0
2025-12-21 14:00:00,65.169,22.2,61.66,1.37,0.0,0,0.0
2025-12-21 15:00:00,73.144,23.42,66.94,1.11,0.0,0,0.0
2025-12-21 16:00:00,69.358,24.24,57.11,1.82,0.0,0,0.0
2025-12-21 17:00:00,72.783,26.62,63.09,0.42,0.0,0,0.0
2025-12-21 18:00:00,74.557,24.08,66.74,0.1,0.0,0,0.0
2025-12-21 19:00:00,80.799,27.59,63.67,0.9,0.0,0,0.0
2025-12-21 20:00:00,80.73,26.24,64.43,1.55,0.0,0,0.0
2025-12-21 21:00:00,73.32,27.01,58.74,1.36,0.0,0,0.0
2025-12-21 22:00:00,68.921,24.8,65.42,1.39,0.0,0,0.0
2025-12-21 23:00:00,73.892,27.11,62.09,0.94,6.4,0,0.0
2025-12-22 00:00:00,61.719,26.22,54.26,2.16,0.0,0,0.0
2025-12-22 01:00:00,67.716,24.91,54.77,3.33,0.0,0,0.0
2025-12-22 02:00:00,64.373,20.9,67.04,2.21,0.0,0,0.0
2025-12-22 03:00:00,67.084,22.68,63.77,3.11,0.0,0,0.0
2025-12-22 04:00:00,69.149,21.21,63.07,3.27,0.0,1,71.3
2025-12-22 05:00:00,69.193,17.97,70.83,3.23,0.0,0,0.0
2025-12-22 06:00:00,69.13,19.23,66.36,3.85,0.0,0,0.0
2025-12-22 07:00:00,75.464,19.3,62.36,3.91,0.0,0,0.0
2025-12-22 08:00:00,74.852,19.39,62.58,3.76,0.0,0,0.0
2025-12-22 09:00:00,84.464,19.07,65.64,2.67,0.0,0,0.0
2025-12-22 10:00:00,70.59,19.61,67.64,1.96,0.0,0,0.0
2025-12-22 11:00:00,68.718,21.66,63.47,2.75,0.0,0,0.0
2025-12-22 12:00:00,77.681,22.19,62.32,1.9,13.39,0,0.0
2025-12-22 13:00:00,70.121,18.25,67.96,2.91,0.0,0,0.0
2025-12-22 14:00:00,73.342,22.34,65.17,2.58,0.0,0,0.0
2025-12-22 15:00:00,73.094,23.56,66.32,2.33,6.45,0,0.0
2025-12-22 16:00:00,76.849,22.62,55.37,0.34,2.85,0,0.0
2025-12-22 17:00:00,83.594,25.66,63.93,1.09,5.98,0,0.0
2025-12-22 18:00:00,81.761,27.68,59.1,1.22,0.0,0,0.0
2025-12-22 19:00:00,83.888,25.28,53.95,1.21,0.57,0,0.0
2025-12-22 20:00:00,79.889,27.13,61.91,0.69,0.0,0,0.0
2025-12-22 21:00:00,81.525,25.49,63.46,1.91,0.0,0,0.0
2025-12-22 22:00:00,80.354,25.38,60.63,1.45,0.0,0,0.0
2025-12-22 23:00:00,70.767,27.32,63.51,1.89,0.0,0,0.0
2025-12-23 00:00:00,62.59,24.1,58.04,1.28,1.53,0,0.0
2025-12-23 01:00:00,68.263,24.34,56.42,2.98,0.0,0,0.0
2025-12-23 02:00:00,61.865,20.51,60.96,2.79,0.0,0,0.0
2025-12-23 03:00:00,68.056,23.95,59.78,3.54,0.0,0,0.0
2025-12-23 04:00:00,66.927,21.48,65.55,3.64,0.0,0,0.0
2025-12-23 05:00:00,67.108,19.71,68.86,3.76,0.0,0,0.0
2025-12-23 06:00:00,73.751,19.98,66.83,3.67,0.0,0,0.0
2025-12-23 07:00:00,73.743,17.2,60.29,4.12,0.0,0,0.0
2025-12-23 08:00:00,74.885,20.17,61.39,3.38,0.0,0,0.0
2025-12-23 09:00:00,69.171,18.5,59.28,2.39,0.0,0,0.0
2025-12-23 10:00:00,76.49,19.04,66.87,3.29,0.0,0,0.0
2025-12-23 11:00:00,69.621,19.33,60.12,2.1,0.0,0,0.0
2025-12-23 12:00:00,70.428,20.06,63.85,1.41,0.0,0,0.0
2025-12-23 13:00:00,70.867,22.55,66.35,1.2,0.0,0,0.0
2025-12-23 14:00:00,76.172,23.06,64.23,1.62,0.0,0,0.0
2025-12-23 15:00:00,72.628,24.57,57.73,1.08,0.0,1,51.7
2025-12-23 16:00:00,72.997,24.74,58.15,0.1,0.0,0,0.0
2025-12-23 17:00:00,84.275,26.2,62.08,0.52,0.0,0,0.0
2025-12-23 18:00:00,84.786,25.71,60.81,1.4,0.0,0,0.0
2025-12-23 19:00:00,85.594,29.29,51.87,0.48,0.0,0,0.0
2025-12-23 20:00:00,87.07,24.87,66.19,0.8,0.0,0,0.0
2025-12-23 21:00:00,85.641,28.13,58.81,1.77,2.5,0,0.0
2025-12-23 22:00:00,75.19,27.86,58.39,1.93,1.41,0,0.0
2025-12-23 23:00:00,69.193,24.56,56.24,2.42,0.0,0,0.0
2025-12-24 00:00:00,68.035,27.46,57.18,0.54,0.0,0,0.0
2025-12-24 01:00:00,64.943,25.01,57.98,3.63,0.0,0,0.0
2025-12-24 02:00:00,65.052,23.95,57.69,3.33,0.0,0,0.0
2025-12-24 03:00:00,63.16,21.78,63.44,4.74,0.0,0,0.0
2025-12-24 04:00:00,67.817,20.52,62.62,3.03,0.0,0,0.0
2025-12-24 05:00:00,69.257,19.7,69.52,2.59,0.0,0,0.0
2025-12-24 06:00:00,70.037,19.79,70.25,3.7,0.0,0,0.0
2025-12-24 07:00:00,68.463,20.6,58.93,3.48,0.0,0,0.0
2025-12-24 08:00:00,76.703,19.0,58.1,3.89,0.0,0,0.0
2025-12-24 09:00:00,76.086,17.83,69.08,3.91,0.0,1,108.1
2025-12-24 10:00:00,78.152,20.31,70.74,2.9,0.0,0,0.0
2025-12-24 11:00:00,68.205,21.06,68.32,2.44,0.0,0,0.0
2025-12-24 12:00:00,70.587,21.57,55.41,2.51,0.0,0,0.0
2025-12-24 13:00:00,68.291,22.64,58.18,1.66,0.0,0,0.0
2025-12-24 14:00:00,73.374,22.46,55.18,1.25,9.45,0,0.0
2025-12-24 15:00:00,76.213,22.7,66.69,1.76,0.0,0,0.0
2025-12-24 16:00:00,77.765,23.74,62.48,1.66,0.0,0,0.0
2025-12-24 17:00:00,80.165,23.65,61.52,1.4,0.0,0,0.0
2025-12-24 18:00:00,83.143,26.53,60.4,0.6,0.0,0,0.0
2025-12-24 19:00:00,79.726,26.55,55.86,0.1,0.0,0,0.0
2025-12-24 20:00:00,80.874,26.26,61.27,0.81,0.0,0,0.0
2025-12-24 21:00:00,82.094,23.1,54.6,0.68,0.0,0,0.0
2025-12-24 22:00:00,75.652,24.75,62.84,1.37,0.0,0,0.0
2025-12-24 23:00:00,76.647,26.96,62.84,1.41,0.0,0,0.0
2025-12-25 00:00:00,68.06,24.02,63.69,2.19,0.0,0,0.0
2025-12-25 01:00:00,67.743,24.28,58.41,1.96,0.0,0,0.0
2025-12-25 02:00:00,66.845,21.15,67.71,2.18,0.0,0,0.0
2025-12-25 03:00:00,65.337,23.51,64.63,3.99,0.0,0,0.0
2025-12-25 04:00:00,65.527,20.64,57.54,2.92,0.0,0,0.0
2025-12-25 05:00:00,68.921,20.33,58.73,3.65,0.0,0,0.0
2025-12-25 06:00:00,66.409,22.14,64.27,4.27,4.79,0,0.0
2025-12-25 07:00:00,75.202,20.77,59.88,4.2,0.0,0,0.0
2025-12-25 08:00:00,72.426,18.45,58.72,3.98,0.0,0,0.0
2025-12-25 09:00:00,74.369,18.24,59.38,3.44,0.0,0,0.0
2025-12-25 10:00:00,73.792,18.96,59.11,3.38,0.0,0,0.0
2025-12-25 11:00:00,75.014,20.6,62.81,3.41,7.5,0,0.0
2025-12-25 12:00:00,67.965,20.69,64.7,2.46,0.0,0,0.0
2025-12-25 13:00:00,70.224,21.3,57.86,0.71,0.0,0,0.0
2025-12-25 14:00:00,73.227,24.58,63.94,1.13,0.0,0,0.0
2025-12-25 15:00:00,70.038,23.71,57.99,1.56,6.5,0,0.0
2025-12-25 16:00:00,73.678,27.57,56.13,0.52,0.0,0,0.0
2025-12-25 17:00:00,82.211,25.75,55.9,1.72,0.0,0,0.0
2025-12-25 18:00:00,85.493,28.42,62.73,0.66,0.0,0,0.0
2025-12-25 19:00:00,85.535,27.11,66.13,0.8,0.0,1,204.4
2025-12-25 20:00:00,81.511,27.97,58.61,1.58,0.0,0,0.0
2025-12-25 21:00:00,81.456,25.81,53.15,1.03,0.0,0,0.0
2025-12-25 22:00:00,73.425,25.25,56.76,1.56,0.0,0,0.0
2025-12-25 23:00:00,72.531,26.19,54.65,2.35,0.0,0,0.0
2025-12-26 00:00:00,63.259,26.03,65.02,1.32,0.0,0,0.0
2025-12-26 01:00:00,64.76,23.93,54.92,2.42,0.0,0,0.0
2025-12-26 02:00:00,63.7,21.3,69.72,3.45,0.0,0,0.0
2025-12-26 03:00:00,68.757,20.18,64.72,3.3,3.32,0,0.0
2025-12-26 04:00:00,67.425,19.13,64.29,4.38,0.0,0,0.0
2025-12-26 05:00:00,66.614,17.9,69.97,2.7,0.0,0,0.0
2025-12-26 06:00:00,71.816,19.51,56.71,2.69,0.0,0,0.0
2025-12-26 07:00:00,70.415,20.33,67.46,4.11,0.0,0,0.0
2025-12-26 08:00:00,73.664,18.83,58.45,4.02,0.0,0,0.0
2025-12-26 09:00:00,73.874,16.27,70.85,3.14,0.0,0,0.0
2025-12-26 10:00:00,76.445,19.15,64.45,3.19,0.0,0,0.0
2025-12-26 11:00:00,73.788,19.82,57.02,3.04,0.0,0,0.0
2025-12-26 12:00:00,75.198,23.36,66.48,1.71,0.0,0,0.0
2025-12-26 13:00:00,69.713,20.06,56.37,1.39,0.0,0,0.0
2025-12-26 14:00:00,63.252,22.38,56.65,1.56,0.0,0,0.0
2025-12-26 15:00:00,73.198,25.93,64.41,1.68,0.0,0,0.0
2025-12-26 16:00:00,81.162,25.39,59.74,0.2,1.06,0,0.0
2025-12-26 17:00:00,80.252,26.35,65.41,0.63,0.0,0,0.0
2025-12-26 18:00:00,78.497,26.45,61.66,0.55,0.0,0,0.0
2025-12-26 19:00:00,85.441,27.1,61.09,1.0,0.0,0,0.0
2025-12-26 20:00:00,84.238,27.78,55.72,0.9,0.0,0,0.0
2025-12-26 21:00:00,78.012,25.74,54.56,0.81,0.0,0,0.0
2025-12-26 22:00:00,77.154,27.36,66.0,2.2,0.0,0,0.0
2025-12-26 23:00:00,73.366,24.03,55.16,1.49,9.72,0,0.0
2025-12-27 00:00:00,61.804,25.27,60.77,2.02,0.0,0,0.0
2025-12-27 01:00:00,60.147,24.13,57.61,1.63,0.0,0,0.0
2025-12-27 02:00:00,58.138,22.14,58.68,2.52,3.99,0,0.0
2025-12-27 03:00:00,61.902,21.81,63.83,3.57,4.38,0,0.0
2025-12-27 04:00:00,59.584,20.13,67.89,3.69,0.0,0,0.0
2025-12-27 05:00:00,66.226,18.76,68.4,4.01,0.0,0,0.0
2025-12-27 06:00:00,67.058,18.99,69.64,4.03,0.0,0,0.0
2025-12-27 07:00:00,65.991,17.69,61.78,4.9,0.0,0,0.0
2025-12-27 08:00:00,69.066,19.26,63.43,3.05,0.0,0,0.0
2025-12-27 09:00:00,71.396,17.63,57.56,2.29,0.0,0,0.0
2025-12-27 10:00:00,69.149,20.27,67.04,2.32,0.0,0,0.0
2025-12-27 11:00:00,68.828,18.63,61.36,2.17,0.0,0,0.0
2025-12-27 12:00:00,69.505,20.2,64.3,1.62,0.41,0,0.0
2025-12-27 13:00:00,63.15,21.09,57.88,1.87,0.0,0,0.0
2025-12-27 14:00:00,71.036,24.47,65.61,2.2,1.55,0,0.0
2025-12-27 15:00:00,72.032,24.31,65.67,2.06,0.0,0,0.0
2025-12-27 16:00:00,73.578,24.62,66.39,1.2,3.21,0,0.0
2025-12-27 17:00:00,73.23,26.3,52.91,2.04,0.0,0,0.0
2025-12-27 18:00:00,78.635,23.81,68.6,0.49,0.0,0,0.0
2025-12-27 19:00:00,77.627,26.69,55.7,0.1,0.0,0,0.0
2025-12-27 20:00:00,75.685,29.27,55.08,1.53,0.0,0,0.0
2025-12-27 21:00:00,76.008,26.9,55.6,0.1,0.0,0,0.0
2025-12-27 22:00:00,68.593,26.42,56.16,1.0,0.0,0,0.0
2025-12-27 23:00:00,68.817,26.36,60.47,2.12,5.36,0,0.0
2025-12-28 00:00:00,59.37,25.98,56.01,2.14,0.0,0,0.0
2025-12-28 01:00:00,56.498,21.55,60.98,2.47,0.0,0,0.0
2025-12-28 02:00:00,61.975,20.89,65.3,2.24,0.0,0,0.0
2025-12-28 03:00:00,60.474,22.12,67.27,3.25,0.0,0,0.0
2025-12-28 04:00:00,64.531,20.05,66.36,4.1,0.0,0,0.0
2025-12-28 05:00:00,62.069,21.65,63.92,3.66,0.0,0,0.0
2025-12-28 06:00:00,62.769,19.06,58.78,3.2,0.0,0,0.0
2025-12-28 07:00:00,64.738,16.72,70.21,2.9,0.0,0,0.0
2025-12-28 08:00:00,68.127,17.39,58.13,3.01,0.0,0,0.0
2025-12-28 09:00:00,69.164,15.74,62.52,3.5,0.0,0,0.0
2025-12-28 10:00:00,70.305,19.16,57.36,3.16,0.0,0,0.0
2025-12-28 11:00:00,67.828,19.85,66.1,2.11,0.0,0,0.0
2025-12-28 12:00:00,70.693,20.4,61.29,0.87,0.0,0,0.0
2025-12-28 13:00:00,66.525,23.17,63.88,2.06,0.0,0,0.0
2025-12-28 14:00:00,63.302,24.35,58.6,0.91,0.0,0,0.0
2025-12-28 15:00:00,68.06,23.74,60.59,1.55,8.9,0,0.0
2025-12-28 16:00:00,72.462,22.35,61.46,0.45,0.0,0,0.0
2025-12-28 17:00:00,71.848,26.48,52.8,0.16,0.0,0,0.0
2025-12-28 18:00:00,79.11,27.04,58.23,0.79,0.0,0,0.0
2025-12-28 19:00:00,81.156,27.14,61.33,2.17,0.0,0,0.0
2025-12-28 20:00:00,80.213,28.08,59.34,1.35,0.0,0,0.0
2025-12-28 21:00:00,72.095,25.37,53.91,1.22,0.0,0,0.0
2025-12-28 22:00:00,74.374,28.78,60.75,1.67,0.0,0,0.0
2025-12-28 23:00:00,68.317,24.58,57.88,0.76,0.0,0,0.0
2025-12-29 00:00:00,63.842,25.84,52.71,1.53,0.0,0,0.0
2025-12-29 01:00:00,64.739,21.95,57.16,1.08,0.0,0,0.0
2025-12-29 02:00:00,66.916,21.82,62.37,3.99,0.0,0,0.0
2025-12-29 03:00:00,64.809,23.72,58.42,4.18,1.69,0,0.0
2025-12-29 04:00:00,67.644,20.62,66.04,3.73,0.0,0,0.0
2025-12-29 05:00:00,72.055,21.12,58.94,3.73,2.74,0,0.0
2025-12-29 06:00:00,72.751,19.76,67.74,2.77,0.0,0,0.0
2025-12-29 07:00:00,72.212,18.95,60.93,3.52,0.0,0,0.0
2025-12-29 08:00:00,75.407,20.57,64.97,4.57,0.0,0,0.0
2025-12-29 09:00:00,74.409,18.79,68.71,3.34,0.0,0,0.0
2025-12-29 10:00:00,72.984,17.34,63.38,2.61,0.0,0,0.0
2025-12-29 11:00:00,68.337,19.15,57.21,1.53,0.0,0,0.0
2025-12-29 12:00:00,72.015,21.6,63.07,3.03,0.0,0,0.0
2025-12-29 13:00:00,73.045,22.38,69.5,1.77,0.0,0,0.0
2025-12-29 14:00:00,71.664,21.06,69.9,0.4,0.0,0,0.0
2025-12-29 15:00:00,71.172,23.1,57.45,0.58,0.63,0,0.0
2025-12-29 16:00:00,77.499,24.24,64.79,0.13,0.0,0,0.0
2025-12-29 17:00:00,83.594,25.33,57.98,0.67,0.0,0,0.0
2025-12-29 18:00:00,85.247,24.75,55.55,0.82,1.75,0,0.0
2025-12-29 19:00:00,84.284,26.05,62.36,0.45,0.0,0,0.0
2025-12-29 20:00:00,88.256,26.06,59.87,1.37,0.0,0,0.0
2025-12-29 21:00:00,87.527,27.73,59.45,1.19,0.0,0,0.0
2025-12-29 22:00:00,76.474,27.37,63.99,2.09,0.0,0,0.0
2025-12-29 23:00:00,72.592,25.59,57.69,1.6,0.0,0,0.0
2025-12-30 00:00:00,67.948,24.5,63.31,4.03,0.0,0,0.0
2025-12-30 01:00:00,63.472,24.17,58.99,2.25,0.0,0,0.0
2025-12-30 02:00:00,67.233,21.99,55.45,2.41,0.0,0,0.0
2025-12-30 03:00:00,66.846,20.56,61.34,2.64,2.85,0,0.0
2025-12-30 04:00:00,68.142,19.84,70.35,3.37,0.0,0,0.0
2025-12-30 05:00:00,66.371,19.38,63.62,2.62,0.0,0,0.0
2025-12-30 06:00:00,67.212,18.11,58.76,3.88,0.0,0,0.0
2025-12-30 07:00:00,67.722,19.3,66.74,2.51,0.0,1,58.6
2025-12-30 08:00:00,78.994,19.84,70.54,3.6,0.0,0,0.0
2025-12-30 09:00:00,78.115,17.2,71.3,2.45,0.0,0,0.0
2025-12-30 10:00:00,76.52,19.54,64.86,2.72,0.0,0,0.0
2025-12-30 11:00:00,73.667,19.88,61.72,2.95,0.0,0,0.0
2025-12-30 12:00:00,65.703,21.38,63.88,3.58,0.0,0,0.0
2025-12-30 13:00:00,69.171,21.92,67.09,1.16,0.0,0,0.0
2025-12-30 14:00:00,71.094,21.22,68.18,1.36,0.0,0,0.0
2025-12-30 15:00:00,71.329,22.49,66.79,0.71,0.0,0,0.0
2025-12-30 16:00:00,72.775,25.0,59.83,0.38,0.0,0,0.0
2025-12-30 17:00:00,77.696,27.03,53.56,0.32,0.0,0,0.0
2025-12-30 18:00:00,83.131,23.78,62.27,1.19,0.0,0,0.0
2025-12-30 19:00:00,83.895,27.25,54.0,0.46,0.0,0,0.0
2025-12-30 20:00:00,85.061,28.4,51.88,2.25,0.0,0,0.0
2025-12-30 21:00:00,85.783,26.65,59.49,1.39,0.0,0,0.0
2025-12-30 22:00:00,79.132,27.09,61.57,0.84,0.0,0,0.0
2025-12-30 23:00:00,73.502,24.95,65.84,1.59,0.0,0,0.0
2025-12-31 00:00:00,70.967,24.86,64.83,1.72,0.0,0,0.0
2025-12-31 01:00:00,62.321,22.09,67.6,3.07,0.0,0,0.0
2025-12-31 02:00:00,60.808,20.19,67.29,1.97,0.0,0,0.0
2025-12-31 03:00:00,64.349,23.1,64.69,2.46,0.0,0,0.0
2025-12-31 04:00:00,67.866,19.82,56.26,3.14,0.0,0,0.0
2025-12-31 05:00:00,68.509,19.62,65.62,4.06,0.0,0,0.0
2025-12-31 06:00:00,66.384,17.87,59.08,4.44,0.0,0,0.0
2025-12-31 07:00:00,69.736,17.44,58.41,4.48,0.0,0,0.0
2025-12-31 08:00:00,70.876,18.79,59.07,3.82,0.0,0,0.0
2025-12-31 09:00:00,72.692,18.26,69.39,3.21,0.0,0,0.0
2025-12-31 10:00:00,79.508,19.99,67.16,3.43,1.49,0,0.0
2025-12-31 11:00:00,73.431,20.71,69.8,1.9,0.0,0,0.0
2025-12-31 12:00:00,76.52,21.39,69.85,1.09,0.0,0,0.0
2025-12-31 13:00:00,69.015,22.25,68.05,2.07,0.0,0,0.0
2025-12-31 14:00:00,72.344,24.89,55.06,0.85,0.0,0,0.0
2025-12-31 15:00:00,74.755,22.75,67.52,1.1,0.0,0,0.0
2025-12-31 16:00:00,79.809,24.93,65.62,0.97,0.0,0,0.0
2025-12-31 17:00:00,81.957,27.19,64.75,0.9,0.0,0,0.0
2025-12-31 18:00:00,86.656,27.98,53.49,1.26,4.24,0,0.0
2025-12-31 19:00:00,84.881,25.16,54.66,1.25,0.0,0,0.0
2025-12-31 20:00:00,81.18,26.63,65.88,1.02,0.0,0,0.0
2025-12-31 21:00:00,82.225,28.49,53.51,0.87,0.0,0,0.0
2025-12-31 22:00:00,76.762,27.07,57.29,1.51,0.0,0,0.0
2025-12-31 23:00:00,71.57,26.06,59.2,1.45,0.0,0,0.0
2026-01-01 00:00:00,67.237,24.77,55.0,2.08,0.0,0,0.0
2026-01-01 01:00:00,67.541,23.61,54.15,4.16,0.0,1,58.6
2026-01-01 02:00:00,65.564,23.38,68.89,3.06,0.0,0,0.0
2026-01-01 03:00:00,66.87,21.69,68.13,3.53,3.52,0,0.0
2026-01-01 04:00:00,63.894,20.98,69.1,3.08,0.0,0,0.0
2026-01-01 05:00:00,63.179,20.3,60.09,4.26,0.0,0,0.0
2026-01-01 06:00:00,68.889,18.75,60.05,4.16,0.0,0,0.0
2026-01-01 07:00:00,74.76,19.81,62.5,4.11,1.19,0,0.0
2026-01-01 08:00:00,73.475,22.53,61.28,3.63,0.0,0,0.0
2026-01-01 09:00:00,78.026,17.03,57.86,3.88,0.0,0,0.0
2026-01-01 10:00:00,74.754,19.96,67.72,3.71,0.0,0,0.0
2026-01-01 11:00:00,73.222,19.29,71.38,2.76,0.0,0,0.0
2026-01-01 12:00:00,71.437,21.72,62.9,2.13,2.21,0,0.0
2026-01-01 13:00:00,72.947,22.05,60.59,2.35,0.0,0,0.0
2026-01-01 14:00:00,69.03,23.95,59.52,0.91,0.0,0,0.0
2026-01-01 15:00:00,73.053,25.48,54.16,0.71,0.0,0,0.0
2026-01-01 16:00:00,75.456,25.26,56.84,0.87,0.0,0,0.0
2026-01-01 17:00:00,79.402,27.22,59.2,0.1,0.0,0,0.0
2026-01-01 18:00:00,82.948,23.68,60.27,1.2,0.0,0,0.0
2026-01-01 19:00:00,84.327,28.8,58.89,0.17,0.0,0,0.0
2026-01-01 20:00:00,86.562,27.48,64.25,0.62,0.0,0,0.0
2026-01-01 21:00:00,80.441,28.19,54.47,1.01,0.0,0,0.0
2026-01-01 22:00:00,77.685,25.03,53.4,1.47,0.0,0,0.0
2026-01-01 23:00:00,73.207,24.86,53.66,1.61,0.0,0,0.0
2026-01-02 00:00:00,69.117,25.24,54.87,2.16,0.0,0,0.0
2026-01-02 01:00:00,66.019,24.08,62.11,2.55,2.07,1,326.2
2026-01-02 02:00:00,65.783,23.4,66.08,2.68,0.0,0,0.0
2026-01-02 03:00:00,68.8,23.33,67.31,2.8,0.0,0,0.0
2026-01-02 04:00:00,68.387,18.94,66.16,4.15,8.14,0,0.0
2026-01-02 05:00:00,69.282,21.4,61.21,2.39,0.0,0,0.0
2026-01-02 06:00:00,75.378,19.61,58.55,3.58,0.0,0,0.0
2026-01-02 07:00:00,70.813,18.95,62.65,3.37,3.14,0,0.0
2026-01-02 08:00:00,77.962,17.3,62.61,3.75,0.0,0,0.0
2026-01-02 09:00:00,74.889,19.8,69.17,2.39,0.0,0,0.0
2026-01-02 10:00:00,77.816,16.7,65.28,2.65,0.0,0,0.0
2026-01-02 11:00:00,75.766,21.01,58.79,2.53,4.14,0,0.0
2026-01-02 12:00:00,72.377,19.27,60.77,2.84,0.0,0,0.0
2026-01-02 13:00:00,71.98,22.09,56.79,2.01,7.34,0,0.0
2026-01-02 14:00:00,71.501,22.92,68.03,0.74,0.0,0,0.0
2026-01-02 15:00:00,71.539,25.5,53.45,0.85,0.0,0,0.0
2026-01-02 16:00:00,76.445,24.85,53.28,1.43,0.0,0,0.0
2026-01-02 17:00:00,81.345,25.06,55.71,0.1,5.67,0,0.0
2026-01-02 18:00:00,88.216,25.92,64.61,0.65,13.36,0,0.0
2026-01-02 19:00:00,81.043,28.45,58.78,0.75,0.0,1,47.0
2026-01-02 20:00:00,83.716,27.71,60.76,0.67,0.0,0,0.0
2026-01-02 21:00:00,83.651,26.46,57.49,2.76,0.0,0,0.0
2026-01-02 22:00:00,78.899,26.24,53.28,1.2,0.0,1,32.2
2026-01-02 23:00:00,73.992,24.01,66.44,2.08,0.0,0,0.0
2026-01-03 00:00:00,67.219,25.56,55.54,1.74,1.82,0,0.0
2026-01-03 01:00:00,58.19,22.02,55.29,2.9,0.0,0,0.0
2026-01-03 02:00:00,60.567,24.0,62.19,3.47,0.0,0,0.0
2026-01-03 03:00:00,56.507,22.21,55.92,2.91,0.0,0,0.0
2026-01-03 04:00:00,60.054,23.96,55.06,3.47,0.0,0,0.0
2026-01-03 05:00:00,67.341,18.94,68.64,3.11,0.0,0,0.0
2026-01-03 06:00:00,63.647,19.51,63.67,3.01,0.0,0,0.0
2026-01-03 07:00:00,63.982,21.39,58.79,4.27,2.99,0,0.0
2026-01-03 08:00:00,71.259,20.52,60.92,3.17,0.0,0,0.0
2026-01-03 09:00:00,71.247,18.39,67.9,1.81,0.0,0,0.0
2026-01-03 10:00:00,70.836,19.9,57.06,4.01,0.0,0,0.0
2026-01-03 11:00:00,66.348,20.27,57.59,2.11,0.0,1,164.5
2026-01-03 12:00:00,63.643,21.43,64.39,2.05,0.0,0,0.0
2026-01-03 13:00:00,64.831,21.22,64.37,2.8,0.0,0,0.0
2026-01-03 14:00:00,68.137,22.99,68.8,1.36,0.0,0,0.0
2026-01-03 15:00:00,67.789,22.21,60.29,1.04,0.0,0,0.0
2026-01-03 16:00:00,72.061,25.26,53.82,0.16,0.0,0,0.0
2026-01-03 17:00:00,73.995,26.46,60.19,0.1,0.0,0,0.0
2026-01-03 18:00:00,79.114,26.28,61.8,0.6,0.0,0,0.0
2026-01-03 19:00:00,80.763,25.02,55.08,0.97,8.85,0,0.0
2026-01-03 20:00:00,77.299,28.28,59.33,1.08,3.03,0,0.0
2026-01-03 21:00:00,75.25,27.39,54.53,0.85,0.0,0,0.0
2026-01-03 22:00:00,71.203,25.69,65.26,1.46,0.0,1,69.8
2026-01-03 23:00:00,70.169,25.58,65.18,0.71,0.0,0,0.0
2026-01-04 00:00:00,63.328,23.32,60.45,2.48,2.52,0,0.0
2026-01-04 01:00:00,62.432,22.93,68.74,2.69,0.0,0,0.0
2026-01-04 02:00:00,57.159,22.48,69.21,4.13,0.0,0,0.0
2026-01-04 03:00:00,57.986,23.56,55.8,3.27,0.0,0,0.0
2026-01-04 04:00:00,59.482,20.36,61.3,2.93,0.0,0,0.0
2026-01-04 05:00:00,60.869,21.06,64.37,3.62,0.0,0,0.0
2026-01-04 06:00:00,62.569,19.01,57.86,3.5,0.0,1,85.3
2026-01-04 07:00:00,69.244,19.56,62.01,3.91,0.0,0,0.0
2026-01-04 08:00:00,70.541,18.95,60.55,3.52,0.0,0,0.0
2026-01-04 09:00:00,69.813,20.31,70.1,2.5,0.0,0,0.0
2026-01-04 10:00:00,70.685,19.02,62.76,1.97,0.0,0,0.0
2026-01-04 11:00:00,68.693,18.41,68.4,2.75,0.0,0,0.0
2026-01-04 12:00:00,65.533,19.47,62.12,3.03,0.0,0,0.0
2026-01-04 13:00:00,67.509,21.45,57.11,1.86,0.0,0,0.0
2026-01-04 14:00:00,64.804,21.62,67.97,1.94,0.0,0,0.0
2026-01-04 15:00:00,67.868,24.65,53.22,1.75,0.0,0,0.0
2026-01-04 16:00:00,68.402,24.56,54.1,1.06,0.0,0,0.0
2026-01-04 17:00:00,72.885,28.8,56.18,0.26,0.0,0,0.0
2026-01-04 18:00:00,74.542,24.5,63.6,0.82,0.0,0,0.0
2026-01-04 19:00:00,76.255,27.23,56.79,1.48,0.0,0,0.0
2026-01-04 20:00:00,77.365,25.77,53.53,1.22,0.0,0,0.0
2026-01-04 21:00:00,74.239,26.4,56.93,1.59,0.0,0,0.0
2026-01-04 22:00:00,70.759,26.76,55.62,1.17,0.0,0,0.0
2026-01-04 23:00:00,67.614,23.16,54.18,1.69,4.12,0,0.0
2026-01-05 00:00:00,70.767,25.44,60.76,2.13,0.0,0,0.0
2026-01-05 01:00:00,63.019,26.47,53.87,2.56,0.0,0,0.0
2026-01-05 02:00:00,62.648,22.61,58.75,3.65,0.0,0,0.0
2026-01-05 03:00:00,64.451,22.43,64.16,1.85,0.0,0,0.0
2026-01-05 04:00:00,67.208,22.38,65.45,3.52,0.0,0,0.0
2026-01-05 05:00:00,69.063,20.13,59.87,3.6,0.0,0,0.0
2026-01-05 06:00:00,71.371,18.99,61.54,2.88,0.0,0,0.0
2026-01-05 07:00:00,74.264,16.56,61.77,4.05,0.0,0,0.0
2026-01-05 08:00:00,75.218,19.92,70.4,3.06,0.0,0,0.0
2026-01-05 09:00:00,74.135,19.16,59.36,3.05,0.0,0,0.0
2026-01-05 10:00:00,78.796,18.48,59.66,4.06,1.27,0,0.0
2026-01-05 11:00:00,66.217,20.48,62.39,3.19,0.0,0,0.0
2026-01-05 12:00:00,72.579,20.45,58.57,2.54,4.83,0,0.0
2026-01-05 13:00:00,71.29,21.49,57.46,2.04,0.0,0,0.0
2026-01-05 14:00:00,76.222,23.88,55.11,1.35,1.42,0,0.0
2026-01-05 15:00:00,70.381,22.58,64.05,2.34,1.83,0,0.0
2026-01-05 16:00:00,76.569,26.41,61.33,1.38,0.0,0,0.0
2026-01-05 17:00:00,77.422,24.31,63.17,0.3,0.0,0,0.0
2026-01-05 18:00:00,79.271,25.82,64.11,0.1,0.0,0,0.0
2026-01-05 19:00:00,83.971,29.33,55.3,1.09,0.0,0,0.0
2026-01-05 20:00:00,86.381,28.51,64.67,0.87,0.0,0,0.0
2026-01-05 21:00:00,84.256,27.14,62.72,0.28,0.0,0,0.0
2026-01-05 22:00:00,76.326,25.49,64.78,1.71,0.0,0,0.0
2026-01-05 23:00:00,75.661,25.35,63.61,1.65,0.0,0,0.0
2026-01-06 00:00:00,65.591,25.27,58.21,2.52,0.0,0,0.0
2026-01-06 01:00:00,67.273,24.27,57.69,2.85,0.0,0,0.0
2026-01-06 02:00:00,68.938,23.08,60.49,2.59,0.0,0,0.0
2026-01-06 03:00:00,65.259,22.11,56.19,3.64,0.0,0,0.0
2026-01-06 04:00:00,70.019,20.93,62.21,3.2,1.63,0,0.0
2026-01-06 05:00:00,65.051,18.63,57.47,3.39,2.61,0,0.0
2026-01-06 06:00:00,74.017,19.1,56.6,3.38,9.97,0,0.0
2026-01-06 07:00:00,76.01,20.42,69.72,4.33,0.0,0,0.0
2026-01-06 08:00:00,77.161,17.54,67.81,3.33,0.0,1,274.7
2026-01-06 09:00:00,72.747,19.09,64.97,4.08,0.0,0,0.0
2026-01-06 10:00:00,75.178,18.74,61.87,4.02,3.53,0,0.0
2026-01-06 11:00:00,74.157,20.49,64.26,2.14,0.0,0,0.0
2026-01-06 12:00:00,73.199,20.72,68.94,0.45,0.0,0,0.0
2026-01-06 13:00:00,71.575,23.92,63.43,2.44,0.0,0,0.0
2026-01-06 14:00:00,75.468,23.79,62.76,1.24,0.0,0,0.0
2026-01-06 15:00:00,72.018,22.65,61.32,0.62,5.01,0,0.0
2026-01-06 16:00:00,76.603,25.99,57.59,0.55,0.0,0,0.0
2026-01-06 17:00:00,76.797,25.08,63.43,0.5,0.0,0,0.0
2026-01-06 18:00:00,85.682,25.96,67.14,1.48,0.0,0,0.0
2026-01-06 19:00:00,85.823,27.43,57.92,0.85,0.0,0,0.0
2026-01-06 20:00:00,91.685,26.6,57.93,1.67,0.0,0,0.0
2026-01-06 21:00:00,83.502,28.12,57.55,1.44,0.0,0,0.0
2026-01-06 22:00:00,80.331,25.72,58.95,1.26,7.85,1,31.0
2026-01-06 23:00:00,75.062,25.27,67.7,1.58,0.0,0,0.0
2026-01-07 00:00:00,65.749,24.43,63.94,2.54,0.0,0,0.0
2026-01-07 01:00:00,66.273,23.57,59.24,3.08,0.0,0,0.0
2026-01-07 02:00:00,66.875,24.54,58.85,3.55,0.0,0,0.0
2026-01-07 03:00:00,61.466,22.94,60.7,3.1,0.0,1,64.0
2026-01-07 04:00:00,67.022,23.27,54.59,3.6,0.0,0,0.0
2026-01-07 05:00:00,68.852,23.11,62.05,4.0,0.0,0,0.0
2026-01-07 06:00:00,74.944,18.52,69.06,3.47,0.0,0,0.0
2026-01-07 07:00:00,72.607,19.44,66.25,2.97,0.0,0,0.0
2026-01-07 08:00:00,74.027,17.8,60.29,3.02,5.92,1,34.3
2026-01-07 09:00:00,76.584,18.42,67.87,3.12,0.0,0,0.0
2026-01-07 10:00:00,75.454,19.0,67.39,3.35,0.0,1,88.0
2026-01-07 11:00:00,72.483,19.12,60.47,3.34,0.0,0,0.0
2026-01-07 12:00:00,68.433,19.95,65.37,1.39,0.0,0,0.0
2026-01-07 13:00:00,70.637,22.01,63.96,1.45,0.0,0,0.0
2026-01-07 14:00:00,70.593,21.76,67.54,1.24,0.0,0,0.0
2026-01-07 15:00:00,73.074,25.26,54.88,1.62,0.0,0,0.0
2026-01-07 16:00:00,78.617,24.12,56.45,0.58,0.0,0,0.0
2026-01-07 17:00:00,81.718,29.42,57.64,0.49,7.18,0,0.0
2026-01-07 18:00:00,82.226,26.14,52.98,0.1,0.0,0,0.0
2026-01-07 19:00:00,86.401,27.17,57.93,1.04,2.07,0,0.0
2026-01-07 20:00:00,83.156,25.66,64.43,0.8,0.0,0,0.0
2026-01-07 21:00:00,87.814,29.13,52.75,0.75,2.06,0,0.0
2026-01-07 22:00:00,78.133,28.02,58.08,1.29,0.0,0,0.0
2026-01-07 23:00:00,71.488,26.4,67.01,2.49,0.0,0,0.0
2026-01-08 00:00:00,64.08,23.63,61.41,1.6,0.0,0,0.0
2026-01-08 01:00:00,63.955,24.54,60.75,2.08,0.0,0,0.0
2026-01-08 02:00:00,64.12,21.9,63.24,3.7,0.0,0,0.0
2026-01-08 03:00:00,67.511,23.97,56.41,3.31,0.0,0,0.0
2026-01-08 04:00:00,63.837,22.22,56.88,3.9,0.0,0,0.0
2026-01-08 05:00:00,67.72,20.53,65.84,3.89,0.0,0,0.0
2026-01-08 06:00:00,75.975,16.86,63.82,3.68,11.16,0,0.0
2026-01-08 07:00:00,70.967,18.2,61.43,3.44,0.0,0,0.0
2026-01-08 08:00:00,75.899,20.07,56.43,4.0,0.0,0,0.0
2026-01-08 09:00:00,72.206,20.84,68.19,3.96,0.0,0,0.0
2026-01-08 10:00:00,73.599,21.11,55.82,3.6,0.0,0,0.0
2026-01-08 11:00:00,71.286,18.51,68.14,1.88,0.0,0,0.0
2026-01-08 12:00:00,72.251,21.61,60.76,2.98,0.0,1,51.7
2026-01-08 13:00:00,68.627,23.43,62.92,1.6,0.0,0,0.0
2026-01-08 14:00:00,76.301,21.26,58.96,1.0,0.0,0,0.0
2026-01-08 15:00:00,69.461,24.27,55.77,1.04,0.0,0,0.0
2026-01-08 16:00:00,80.343,25.58,60.66,1.4,0.0,0,0.0
2026-01-08 17:00:00,83.351,25.71,63.01,1.08,0.0,0,0.0
2026-01-08 18:00:00,83.617,24.49,56.24,0.55,0.0,0,0.0
2026-01-08 19:00:00,84.573,26.72,58.51,1.25,0.0,0,0.0
2026-01-08 20:00:00,88.129,26.85,58.56,0.98,0.0,1,35.6
2026-01-08 21:00:00,86.721,26.93,55.08,0.8,0.0,0,0.0
2026-01-08 22:00:00,79.715,26.04,60.85,1.03,9.23,0,0.0
2026-01-08 23:00:00,73.653,25.54,54.86,2.06,0.0,0,0.0
2026-01-09 00:00:00,65.029,25.23,60.51,2.15,0.0,0,0.0
2026-01-09 01:00:00,62.875,24.84,54.8,1.76,0.0,0,0.0
2026-01-09 02:00:00,67.386,22.91,61.54,3.46,0.0,0,0.0
2026-01-09 03:00:00,66.75,21.75,59.62,2.97,0.0,0,0.0
2026-01-09 04:00:00,62.97,21.39,61.95,4.45,0.0,0,0.0
2026-01-09 05:00:00,69.07,18.14,63.62,2.81,0.0,0,0.0
2026-01-09 06:00:00,71.705,20.39,69.39,3.59,0.0,0,0.0
2026-01-09 07:00:00,71.243,19.41,63.7,3.23,0.0,0,0.0
2026-01-09 08:00:00,73.679,19.33,68.68,2.91,0.0,0,0.0
2026-01-09 09:00:00,76.544,20.57,59.04,2.97,0.0,0,0.0
2026-01-09 10:00:00,79.524,17.47,62.8,4.01,3.0,0,0.0
2026-01-09 11:00:00,73.468,18.08,58.28,2.67,0.0,0,0.0
2026-01-09 12:00:00,73.545,21.61,61.35,1.72,0.0,0,0.0
2026-01-09 13:00:00,69.129,22.23,64.69,0.71,0.0,0,0.0
2026-01-09 14:00:00,71.278,23.48,66.48,0.42,0.0,0,0.0
2026-01-09 15:00:00,75.668,23.76,62.23,0.82,0.0,0,0.0
2026-01-09 16:00:00,76.901,26.07,61.96,0.52,8.47,0,0.0
2026-01-09 17:00:00,81.111,27.23,54.32,0.62,0.0,0,0.0
2026-01-09 18:00:00,84.213,27.32,52.16,0.1,0.0,0,0.0
2026-01-09 19:00:00,84.921,26.83,63.78,0.7,0.0,0,0.0
2026-01-09 20:00:00,83.655,24.75,55.66,1.52,0.0,0,0.0
2026-01-09 21:00:00,80.671,28.06,52.53,2.11,0.0,0,0.0
2026-01-09 22:00:00,76.762,28.21,65.14,0.31,0.0,0,0.0
2026-01-09 23:00:00,71.734,26.88,66.33,1.33,0.0,0,0.0
2026-01-10 00:00:00,60.76,24.25,62.69,1.69,0.0,0,0.0
2026-01-10 01:00:00,64.029,25.15,58.59,2.68,0.0,0,0.0
2026-01-10 02:00:00,64.016,24.34,65.89,2.22,0.0,0,0.0
2026-01-10 03:00:00,59.923,24.14,56.58,4.27,0.0,0,0.0
2026-01-10 04:00:00,60.444,20.26,62.29,3.53,0.0,0,0.0
2026-01-10 05:00:00,61.498,20.21,61.23,3.58,0.0,0,0.0
2026-01-10 06:00:00,64.481,20.74,69.25,4.66,0.0,0,0.0
2026-01-10 07:00:00,68.656,19.51,70.09,3.64,0.0,0,0.0
2026-01-10 08:00:00,72.109,17.97,66.98,3.74,0.0,0,0.0
2026-01-10 09:00:00,75.968,19.94,57.7,2.81,1.8,0,0.0
2026-01-10 10:00:00,67.624,20.54,62.91,2.13,0.0,0,0.0
2026-01-10 11:00:00,69.189,20.59,59.33,2.22,0.0,0,0.0
2026-01-10 12:00:00,68.176,21.57,68.33,3.51,0.0,0,0.0
2026-01-10 13:00:00,65.107,21.96,56.9,2.19,3.39,0,0.0
2026-01-10 14:00:00,63.299,25.08,53.77,1.61,0.0,0,0.0
2026-01-10 15:00:00,69.519,23.26,64.61,0.55,0.0,0,0.0
2026-01-10 16:00:00,77.134,24.6,60.04,1.45,0.0,0,0.0
2026-01-10 17:00:00,76.663,26.15,64.89,0.1,0.0,0,0.0
2026-01-10 18:00:00,75.662,27.83,52.42,0.1,0.0,0,0.0
2026-01-10 19:00:00,78.998,25.38,64.79,0.42,0.0,1,111.7
2026-01-10 20:00:00,74.464,25.74,53.12,2.07,0.0,0,0.0
2026-01-10 21:00:00,74.611,24.73,53.58,2.28,0.0,0,0.0
2026-01-10 22:00:00,73.678,26.81,58.83,1.18,0.0,0,0.0
2026-01-10 23:00:00,66.118,24.79,56.44,1.41,0.0,0,0.0
2026-01-11 00:00:00,52.922,24.88,61.98,1.22,0.0,0,0.0
2026-01-11 01:00:00,60.966,25.17,53.29,2.64,0.0,0,0.0
2026-01-11 02:00:00,58.826,22.57,54.99,3.05,0.0,0,0.0
2026-01-11 03:00:00,59.54,22.58,65.36,3.73,0.0,0,0.0
2026-01-11 04:00:00,59.253,20.98,58.56,4.05,0.0,0,0.0
2026-01-11 05:00:00,64.214,21.32,65.06,3.53,0.0,1,72.4
2026-01-11 06:00:00,64.754,20.44,66.98,4.03,1.46,0,0.0
2026-01-11 07:00:00,68.901,18.64,57.7,3.23,0.0,0,0.0
2026-01-11 08:00:00,72.199,19.14,68.06,3.82,0.0,0,0.0
2026-01-11 09:00:00,69.459,20.73,59.59,2.96,0.0,0,0.0
2026-01-11 10:00:00,68.269,20.35,61.64,3.23,0.0,0,0.0
2026-01-11 11:00:00,67.466,18.83,58.0,2.82,0.0,0,0.0
2026-01-11 12:00:00,66.487,22.13,67.3,2.24,0.0,0,0.0
2026-01-11 13:00:00,61.086,21.0,63.81,2.29,0.0,0,0.0
2026-01-11 14:00:00,71.353,25.03,60.55,0.51,0.0,0,0.0
2026-01-11 15:00:00,71.327,25.6,67.17,0.5,0.0,0,0.0
2026-01-11 16:00:00,70.662,25.69,57.61,0.74,0.0,0,0.0
2026-01-11 17:00:00,71.336,26.36,65.55,0.1,0.0,0,0.0
2026-01-11 18:00:00,78.027,26.55,62.86,0.46,0.0,0,0.0
2026-01-11 19:00:00,78.463,28.02,65.12,0.53,0.0,0,0.0
2026-01-11 20:00:00,78.642,26.89,65.48,1.69,0.0,0,0.0
2026-01-11 21:00:00,70.965,27.49,66.37,1.22,0.0,0,0.0
2026-01-11 22:00:00,70.453,27.85,53.27,2.07,0.0,0,0.0
2026-01-11 23:00:00,69.826,25.49,64.64,1.99,6.75,0,0.0
2026-01-12 00:00:00,66.401,24.63,65.29,1.88,0.0,0,0.0
2026-01-12 01:00:00,67.396,22.97,63.88,2.67,5.05,0,0.0
2026-01-12 02:00:00,66.052,22.09,58.93,3.39,0.0,0,0.0
2026-01-12 03:00:00,70.817,20.14,70.39,3.98,0.0,0,0.0
2026-01-12 04:00:00,65.54,22.24,57.72,3.42,0.0,0,0.0
2026-01-12 05:00:00,66.401,22.71,61.87,2.66,0.0,0,0.0
2026-01-12 06:00:00,68.577,21.62,62.85,2.67,7.43,0,0.0
2026-01-12 07:00:00,70.854,17.55,59.89,3.45,0.0,0,0.0
2026-01-12 08:00:00,71.91,20.24,66.69,2.1,0.0,0,0.0
2026-01-12 09:00:00,77.859,21.21,56.61,4.34,0.0,0,0.0
2026-01-12 10:00:00,75.614,19.36,66.78,3.31,1.38,0,0.0
2026-01-12 11:00:00,76.392,20.66,68.33,2.21,0.0,0,0.0
2026-01-12 12:00:00,74.935,18.96,61.87,1.53,0.0,0,0.0
2026-01-12 13:00:00,69.26,22.65,65.05,2.43,0.0,0,0.0
2026-01-12 14:00:00,70.358,22.09,57.1,0.78,0.0,0,0.0
2026-01-12 15:00:00,78.105,24.64,65.9,0.53,0.0,0,0.0
2026-01-12 16:00:00,78.49,23.5,68.18,0.44,0.0,0,0.0
2026-01-12 17:00:00,81.917,26.85,54.18,0.82,0.0,0,0.0
2026-01-12 18:00:00,86.734,28.06,61.54,1.07,0.0,0,0.0
2026-01-12 19:00:00,86.867,26.29,59.81,1.47,0.0,0,0.0
2026-01-12 20:00:00,84.681,26.0,60.37,1.53,0.0,0,0.0
2026-01-12 21:00:00,84.632,24.65,63.81,1.14,0.0,0,0.0
2026-01-12 22:00:00,77.372,26.51,59.42,2.06,0.0,0,0.0
2026-01-12 23:00:00,76.864,25.5,61.71,1.41,4.98,0,0.0
2026-01-13 00:00:00,65.482,23.54,57.34,1.11,0.0,1,34.0
2026-01-13 01:00:00,68.899,24.98,58.69,2.19,0.0,0,0.0
2026-01-13 02:00:00,65.175,22.86,67.26,2.47,0.0,0,0.0
2026-01-13 03:00:00,61.67,21.07,57.0,2.88,0.0,0,0.0
2026-01-13 04:00:00,68.907,20.73,64.52,2.92,0.0,0,0.0
2026-01-13 05:00:00,65.587,21.86,57.65,3.37,0.0,0,0.0
2026-01-13 06:00:00,68.274,20.66,68.3,4.07,0.0,0,0.0
2026-01-13 07:00:00,76.173,19.38,65.06,4.68,0.0,0,0.0
2026-01-13 08:00:00,77.837,20.14,61.96,2.46,1.55,0,0.0
2026-01-13 09:00:00,74.509,18.14,60.86,2.49,0.0,0,0.0
2026-01-13 10:00:00,68.685,19.97,62.57,2.48,3.78,0,0.0
2026-01-13 11:00:00,75.584,20.75,69.92,3.05,0.0,0,0.0
2026-01-13 12:00:00,73.426,20.84,63.14,2.08,0.0,0,0.0
2026-01-13 13:00:00,72.416,22.89,61.31,1.38,0.0,0,0.0
2026-01-13 14:00:00,73.366,22.46,65.72,1.88,0.0,0,0.0
2026-01-13 15:00:00,73.704,25.05,58.66,1.71,0.0,0,0.0
2026-01-13 16:00:00,76.546,26.06,58.77,0.89,0.0,0,0.0
2026-01-13 17:00:00,77.663,22.73,59.42,0.26,0.0,0,0.0
2026-01-13 18:00:00,81.658,28.29,53.29,0.86,0.0,0,0.0
2026-01-13 19:00:00,85.599,23.61,64.54,0.61,0.49,0,0.0
2026-01-13 20:00:00,85.125,26.66,65.1,0.76,0.0,0,0.0
2026-01-13 21:00:00,83.909,28.49,64.49,0.83,0.0,0,0.0
2026-01-13 22:00:00,74.644,26.48,65.32,2.0,0.0,0,0.0
2026-01-13 23:00:00,69.61,24.47,60.1,1.96,0.0,0,0.0
2026-01-14 00:00:00,65.157,24.12,57.79,2.82,0.0,0,0.0
2026-01-14 01:00:00,64.307,25.7,62.15,3.39,0.0,0,0.0
2026-01-14 02:00:00,67.351,21.12,69.65,3.23,0.0,0,0.0
2026-01-14 03:00:00,63.883,23.75,64.66,2.96,0.0,0,0.0
2026-01-14 04:00:00,70.176,21.36,62.6,4.12,0.0,0,0.0
2026-01-14 05:00:00,66.55,19.17,66.83,3.93,0.0,0,0.0
2026-01-14 06:00:00,74.81,19.27,68.03,5.26,0.0,0,0.0
2026-01-14 07:00:00,74.741,18.35,70.78,3.83,0.0,0,0.0
2026-01-14 08:00:00,72.931,20.47,67.17,3.92,0.0,0,0.0
2026-01-14 09:00:00,81.187,20.44,62.23,3.43,0.0,0,0.0
2026-01-14 10:00:00,75.368,17.9,61.36,2.89,0.0,0,0.0
2026-01-14 11:00:00,73.937,20.12,63.43,2.43,0.0,0,0.0
2026-01-14 12:00:00,71.315,20.39,60.69,2.38,0.0,0,0.0
2026-01-14 13:00:00,73.161,23.95,67.77,2.12,0.0,0,0.0
2026-01-14 14:00:00,73.1,21.81,62.53,2.14,0.0,0,0.0
2026-01-14 15:00:00,72.329,26.39,59.25,1.32,0.0,0,0.0
2026-01-14 16:00:00,76.872,25.39,57.99,0.62,0.0,0,0.0
2026-01-14 17:00:00,81.461,24.86,62.67,0.55,0.0,0,0.0
2026-01-14 18:00:00,85.18,26.08,60.15,0.1,0.0,0,0.0
2026-01-14 19:00:00,86.767,26.33,54.14,1.75,3.78,0,0.0
2026-01-14 20:00:00,84.628,25.9,65.5,0.58,0.0,0,0.0
2026-01-14 21:00:00,79.642,27.41,56.94,1.72,0.0,0,0.0
2026-01-14 22:00:00,75.89,25.42,59.24,1.62,0.0,0,0.0
2026-01-14 23:00:00,70.344,23.64,56.9,1.99,0.0,0,0.0
2026-01-15 00:00:00,68.132,25.0,61.3,2.13,0.0,0,0.0
2026-01-15 01:00:00,65.042,22.33,65.13,2.12,0.0,0,0.0
2026-01-15 02:00:00,66.502,22.56,67.68,2.37,0.0,0,0.0
2026-01-15 03:00:00,66.482,21.33,55.97,4.3,0.0,0,0.0
2026-01-15 04:00:00,67.872,20.41,70.35,3.57,0.0,0,0.0
2026-01-15 05:00:00,69.11,23.03,64.74,4.32,0.0,0,0.0
2026-01-15 06:00:00,68.117,20.06,60.23,4.53,0.52,0,0.0
2026-01-15 07:00:00,73.249,19.89,59.13,3.4,0.0,0,0.0
2026-01-15 08:00:00,74.815,17.33,62.04,3.75,3.57,0,0.0
2026-01-15 09:00:00,76.235,18.81,69.85,3.29,0.0,0,0.0
2026-01-15 10:00:00,77.942,20.25,60.22,2.26,0.0,0,0.0
2026-01-15 11:00:00,74.677,19.4,63.3,2.48,0.0,0,0.0
2026-01-15 12:00:00,70.91,22.55,65.06,2.55,0.0,0,0.0
2026-01-15 13:00:00,71.194,20.98,68.49,1.51,0.0,0,0.0
2026-01-15 14:00:00,79.272,23.12,64.01,1.26,10.24,0,0.0
2026-01-15 15:00:00,73.866,23.79,65.02,1.04,0.0,0,0.0
2026-01-15 16:00:00,77.309,25.66,55.21,2.17,0.0,0,0.0
2026-01-15 17:00:00,83.301,25.52,65.85,0.1,0.0,0,0.0
2026-01-15 18:00:00,83.99,26.6,56.18,1.0,0.0,0,0.0
2026-01-15 19:00:00,83.318,27.04,53.7,0.6,0.0,0,0.0
2026-01-15 20:00:00,82.633,26.58,66.7,0.52,0.0,0,0.0
2026-01-15 21:00:00,80.85,27.91,54.28,0.97,0.0,0,0.0
2026-01-15 22:00:00,78.843,27.21,53.72,1.85,0.0,0,0.0
2026-01-15 23:00:00,78.924,26.18,61.68,2.25,4.43,0,0.0
2026-01-16 00:00:00,62.664,24.97,57.8,2.31,0.0,1,35.2
2026-01-16 01:00:00,70.547,25.48,54.71,3.24,0.0,0,0.0
2026-01-16 02:00:00,65.952,23.21,63.09,3.71,0.0,0,0.0
2026-01-16 03:00:00,69.384,22.09,66.13,3.75,0.0,0,0.0
2026-01-16 04:00:00,66.588,21.62,66.93,3.17,2.21,0,0.0
2026-01-16 05:00:00,64.268,22.7,56.71,3.95,0.0,0,0.0
2026-01-16 06:00:00,67.187,18.42,65.3,4.0,0.0,0,0.0
2026-01-16 07:00:00,72.776,20.55,67.88,3.16,0.0,0,0.0
2026-01-16 08:00:00,75.652,17.22,60.09,2.56,0.0,0,0.0
2026-01-16 09:00:00,75.689,19.89,59.18,2.05,0.0,0,0.0
2026-01-16 10:00:00,77.78,21.92,54.89,2.99,11.87,0,0.0
2026-01-16 11:00:00,76.556,21.25,63.12,2.77,0.0,0,0.0
2026-01-16 12:00:00,71.506,21.69,57.9,1.49,0.0,0,0.0
2026-01-16 13:00:00,72.533,21.78,65.79,2.44,1.2,0,0.0
2026-01-16 14:00:00,80.518,23.53,68.32,1.54,0.0,0,0.0
2026-01-16 15:00:00,73.883,24.22,56.6,1.95,0.0,0,0.0
2026-01-16 16:00:00,76.083,24.55,63.01,1.12,0.0,0,0.0
2026-01-16 17:00:00,81.932,25.97,55.6,0.11,0.0,0,0.0
2026-01-16 18:00:00,88.171,27.19,51.96,0.97,10.55,0,0.0
2026-01-16 19:00:00,85.908,26.43,63.52,1.15,0.0,0,0.0
2026-01-16 20:00:00,84.097,26.52,58.6,0.57,0.0,0,0.0
2026-01-16 21:00:00,85.469,25.72,66.77,0.27,0.0,0,0.0
2026-01-16 22:00:00,81.247,27.42,59.56,1.51,0.0,0,0.0
2026-01-16 23:00:00,73.424,26.97,54.18,1.21,0.0,0,0.0
2026-01-17 00:00:00,59.547,25.8,59.27,2.87,0.0,0,0.0
2026-01-17 01:00:00,61.878,25.71,55.62,2.34,0.0,0,0.0
2026-01-17 02:00:00,60.048,23.62,67.0,3.98,0.0,0,0.0
2026-01-17 03:00:00,63.82,22.95,64.59,1.99,0.0,0,0.0
2026-01-17 04:00:00,63.96,21.88,59.99,3.58,4.14,0,0.0
2026-01-17 05:00:00,69.807,20.58,63.57,4.51,0.0,0,0.0
2026-01-17 06:00:00,68.974,19.42,66.39,3.17,0.0,0,0.0
2026-01-17 07:00:00,65.604,22.31,66.36,3.55,0.0,0,0.0
2026-01-17 08:00:00,67.668,18.98,57.82,3.26,0.0,0,0.0
2026-01-17 09:00:00,64.958,18.86,57.02,2.85,0.0,0,0.0
2026-01-17 10:00:00,64.042,20.58,57.37,3.1,0.0,0,0.0
2026-01-17 11:00:00,68.354,20.99,61.33,1.81,0.0,0,0.0
2026-01-17 12:00:00,65.232,19.83,63.1,2.13,6.65,0,0.0
2026-01-17 13:00:00,69.474,23.83,55.75,2.12,0.0,0,0.0
2026-01-17 14:00:00,69.327,23.41,60.12,1.32,0.0,0,0.0
2026-01-17 15:00:00,67.987,23.22,60.69,0.54,0.0,0,0.0
2026-01-17 16:00:00,71.013,26.95,53.47,1.52,0.0,0,0.0
2026-01-17 17:00:00,80.169,27.1,65.49,1.19,0.0,0,0.0
2026-01-17 18:00:00,82.918,25.47,61.71,0.1,0.88,0,0.0
2026-01-17 19:00:00,77.172,29.52,56.12,0.1,0.0,0,0.0
2026-01-17 20:00:00,75.909,28.31,58.62,0.33,0.0,0,0.0
2026-01-17 21:00:00,75.594,27.37,56.29,1.47,2.67,0,0.0
2026-01-17 22:00:00,74.121,28.89,63.48,1.62,0.0,0,0.0
2026-01-17 23:00:00,67.54,26.54,60.7,2.29,0.0,0,0.0
2026-01-18 00:00:00,62.353,25.52,60.11,2.0,0.0,0,0.0
2026-01-18 01:00:00,66.546,23.79,67.39,2.03,0.0,0,0.0
2026-01-18 02:00:00,58.204,24.25,66.02,3.5,0.0,0,0.0
2026-01-18 03:00:00,60.724,23.09,66.34,2.93,0.0,0,0.0
2026-01-18 04:00:00,58.01,21.57,58.44,3.61,0.0,0,0.0
2026-01-18 05:00:00,60.415,19.77,58.43,2.72,0.0,0,0.0
2026-01-18 06:00:00,66.642,20.24,66.21,3.36,6.42,0,0.0
2026-01-18 07:00:00,65.719,19.6,63.27,4.25,0.0,0,0.0
2026-01-18 08:00:00,71.079,17.95,67.49,3.07,0.0,0,0.0
2026-01-18 09:00:00,71.148,17.92,68.66,3.75,0.0,0,0.0
2026-01-18 10:00:00,73.184,20.76,59.97,1.55,9.08,0,0.0
2026-01-18 11:00:00,66.763,17.6,61.71,2.25,0.0,0,0.0
2026-01-18 12:00:00,65.986,21.8,62.29,2.1,0.0,0,0.0
2026-01-18 13:00:00,64.506,21.94,58.94,2.86,0.0,0,0.0
2026-01-18 14:00:00,66.433,25.12,62.94,0.75,0.0,0,0.0
2026-01-18 15:00:00,70.296,23.99,64.81,1.54,0.0,0,0.0
2026-01-18 16:00:00,67.53,26.34,59.28,1.54,0.0,0,0.0
2026-01-18 17:00:00,78.899,25.9,63.32,0.32,7.08,0,0.0
2026-01-18 18:00:00,76.298,27.15,59.37,0.48,0.0,0,0.0
2026-01-18 19:00:00,79.029,28.3,61.72,0.84,0.0,0,0.0
2026-01-18 20:00:00,76.922,26.99,55.18,0.1,9.37,0,0.0
2026-01-18 21:00:00,75.468,28.61,61.92,0.87,0.0,0,0.0
2026-01-18 22:00:00,73.193,25.82,63.23,2.22,0.0,0,0.0
2026-01-18 23:00:00,69.56,26.73,55.96,2.13,0.0,0,0.0
2026-01-19 00:00:00,64.022,26.69,60.33,2.11,0.0,0,0.0
2026-01-19 01:00:00,68.335,25.41,65.59,2.66,0.0,0,0.0
2026-01-19 02:00:00,69.414,25.88,56.22,3.3,0.0,0,0.0
2026-01-19 03:00:00,65.847,21.63,66.06,3.72,0.0,0,0.0
2026-01-19 04:00:00,67.908,19.92,70.36,3.17,0.0,0,0.0
2026-01-19 05:00:00,63.911,19.56,69.26,4.57,0.0,0,0.0
2026-01-19 06:00:00,68.391,20.91,61.48,4.49,0.0,0,0.0
2026-01-19 07:00:00,74.04,20.31,64.92,4.06,0.0,0,0.0
2026-01-19 08:00:00,78.373,19.7,71.06,2.99,0.0,0,0.0
2026-01-19 09:00:00,74.571,18.37,65.51,2.65,0.0,0,0.0
2026-01-19 10:00:00,81.681,21.03,57.1,2.75,0.0,0,0.0
2026-01-19 11:00:00,73.69,19.28,57.11,2.62,0.0,0,0.0
2026-01-19 12:00:00,69.462,22.97,66.07,1.14,0.0,0,0.0
2026-01-19 13:00:00,74.842,25.97,58.77,2.11,0.0,0,0.0
2026-01-19 14:00:00,69.842,24.02,57.29,2.22,3.83,0,0.0
2026-01-19 15:00:00,75.162,25.31,58.03,1.49,0.0,0,0.0
2026-01-19 16:00:00,75.814,24.99,64.37,0.5,0.0,0,0.0
2026-01-19 17:00:00,77.607,24.23,60.44,0.27,0.0,0,0.0
2026-01-19 18:00:00,86.845,26.32,65.24,0.88,0.0,0,0.0
2026-01-19 19:00:00,84.533,26.13,63.35,0.66,0.0,0,0.0
2026-01-19 20:00:00,88.846,25.84,67.11,1.17,0.0,0,0.0
2026-01-19 21:00:00,79.685,29.51,63.62,1.5,0.0,0,0.0
2026-01-19 22:00:00,73.627,27.37,55.4,2.11,0.0,0,0.0
2026-01-19 23:00:00,73.355,26.86,61.77,1.13,0.0,0,0.0
2026-01-20 00:00:00,73.269,25.24,53.17,2.33,0.0,0,0.0
2026-01-20 01:00:00,69.517,24.44,68.21,2.37,0.0,0,0.0
2026-01-20 02:00:00,67.865,24.77,57.06,2.89,0.0,0,0.0
2026-01-20 03:00:00,68.583,22.53,64.45,3.78,0.0,0,0.0
2026-01-20 04:00:00,66.848,22.24,67.39,4.08,0.0,0,0.0
2026-01-20 05:00:00,74.998,20.54,58.08,4.49,0.0,0,0.0
2026-01-20 06:00:00,72.802,19.73,68.88,3.96,1.54,0,0.0
2026-01-20 07:00:00,73.143,18.06,57.35,3.58,0.0,0,0.0
2026-01-20 08:00:00,77.359,17.23,64.29,3.35,0.0,0,0.0
2026-01-20 09:00:00,72.901,19.43,63.42,2.22,0.0,0,0.0
2026-01-20 10:00:00,73.132,20.21,61.48,3.75,0.0,0,0.0
2026-01-20 11:00:00,73.13,19.24,65.25,2.4,0.0,0,0.0
2026-01-20 12:00:00,75.175,21.57,68.78,2.5,0.0,0,0.0
2026-01-20 13:00:00,67.866,22.64,59.32,2.22,0.0,0,0.0
2026-01-20 14:00:00,72.526,21.02,64.08,0.7,2.33,0,0.0
2026-01-20 15:00:00,74.434,23.54,67.04,0.59,0.0,0,0.0
2026-01-20 16:00:00,74.39,26.1,63.94,1.83,0.0,0,0.0
2026-01-20 17:00:00,79.444,26.9,52.47,0.93,0.0,0,0.0
2026-01-20 18:00:00,85.863,25.69,66.73,0.35,0.0,0,0.0
2026-01-20 19:00:00,80.658,27.66,52.1,0.68,0.0,0,0.0
2026-01-20 20:00:00,87.874,28.83,59.53,1.55,0.0,0,0.0
2026-01-20 21:00:00,82.83,28.4,59.59,1.7,0.0,0,0.0
2026-01-20 22:00:00,79.172,26.96,63.62,0.57,0.0,0,0.0
2026-01-20 23:00:00,73.723,25.87,54.7,2.79,0.0,0,0.0
2026-01-21 00:00:00,63.54,24.88,55.76,2.78,0.0,0,0.0
2026-01-21 01:00:00,65.578,25.23,64.14,2.5,0.0,0,0.0
2026-01-21 02:00:00,67.143,23.87,55.92,2.23,0.0,0,0.0
2026-01-21 03:00:00,65.713,23.36,61.03,3.89,1.3,0,0.0
2026-01-21 04:00:00,68.334,21.79,65.9,3.78,0.0,0,0.0
2026-01-21 05:00:00,66.846,21.79,64.69,2.77,0.0,0,0.0
2026-01-21 06:00:00,71.466,20.29,58.99,3.56,0.0,0,0.0
2026-01-21 07:00:00,74.337,20.71,60.13,5.52,0.0,0,0.0
2026-01-21 08:00:00,72.064,20.68,70.13,3.51,0.0,0,0.0
2026-01-21 09:00:00,76.175,18.81,63.45,2.82,0.0,0,0.0
2026-01-21 10:00:00,70.799,18.0,57.87,2.34,0.0,0,0.0
2026-01-21 11:00:00,68.984,22.66,57.7,3.65,0.0,0,0.0
2026-01-21 12:00:00,70.431,21.94,59.97,2.71,0.0,0,0.0
2026-01-21 13:00:00,80.292,20.54,70.67,2.66,4.66,0,0.0
2026-01-21 14:00:00,73.763,22.78,58.87,1.6,0.0,0,0.0
2026-01-21 15:00:00,78.129,25.6,53.04,1.89,2.3,0,0.0
2026-01-21 16:00:00,79.427,25.3,60.51,0.39,0.11,0,0.0
2026-01-21 17:00:00,81.576,25.85,53.74,0.85,1.25,0,0.0
2026-01-21 18:00:00,86.147,28.78,54.84,0.87,0.0,0,0.0
2026-01-21 19:00:00,84.048,26.24,67.14,1.58,0.0,0,0.0
2026-01-21 20:00:00,86.467,26.68,62.56,1.09,3.32,0,0.0
2026-01-21 21:00:00,83.77,27.75,52.11,0.76,0.0,0,0.0
2026-01-21 22:00:00,79.655,27.57,58.19,1.49,0.0,0,0.0
2026-01-21 23:00:00,77.019,27.06,54.34,0.81,0.0,0,0.0
2026-01-22 00:00:00,66.9,26.76,53.79,0.81,0.0,0,0.0
2026-01-22 01:00:00,71.182,24.94,61.84,3.09,0.0,0,0.0
2026-01-22 02:00:00,66.33,24.25,61.03,2.73,0.0,0,0.0
2026-01-22 03:00:00,72.566,22.32,65.75,3.1,0.0,0,0.0
2026-01-22 04:00:00,69.563,21.74,68.34,4.0,0.0,0,0.0
2026-01-22 05:00:00,67.459,20.97,59.12,4.49,0.0,0,0.0
2026-01-22 06:00:00,68.511,20.46,69.57,4.02,0.0,0,0.0
2026-01-22 07:00:00,71.356,20.73,63.33,4.81,0.0,0,0.0
2026-01-22 08:00:00,72.659,20.33,59.68,3.8,0.0,0,0.0
2026-01-22 09:00:00,76.538,19.85,68.77,3.44,0.0,1,81.6
2026-01-22 10:00:00,71.584,19.23,56.99,3.09,0.0,0,0.0
2026-01-22 11:00:00,77.201,20.92,63.84,1.82,0.0,0,0.0
2026-01-22 12:00:00,72.756,21.63,65.85,2.77,0.0,0,0.0
2026-01-22 13:00:00,71.308,22.86,58.48,0.34,0.0,0,0.0
2026-01-22 14:00:00,70.209,26.31,65.16,1.1,0.0,0,0.0
2026-01-22 15:00:00,72.778,24.07,57.16,1.15,1.91,0,0.0
2026-01-22 16:00:00,72.949,26.17,64.89,0.43,0.0,0,0.0
2026-01-22 17:00:00,84.987,27.78,52.51,0.48,0.0,0,0.0
2026-01-22 18:00:00,80.041,27.25,54.05,1.8,0.0,0,0.0
2026-01-22 19:00:00,81.898,30.33,55.51,1.41,0.0,0,0.0
2026-01-22 20:00:00,90.528,27.21,64.48,0.49,7.94,0,0.0
2026-01-22 21:00:00,81.989,27.92,53.42,0.86,0.0,0,0.0
2026-01-22 22:00:00,82.881,26.17,65.43,0.68,13.9,0,0.0
2026-01-22 23:00:00,74.763,26.07,55.8,2.23,0.0,0,0.0
2026-01-23 00:00:00,69.263,25.99,59.19,2.05,0.0,0,0.0
2026-01-23 01:00:00,66.978,25.75,57.84,1.41,0.0,0,0.0
2026-01-23 02:00:00,62.421,24.08,55.33,3.01,0.0,1,26.4
2026-01-23 03:00:00,69.661,24.17,67.66,3.52,0.0,0,0.0
2026-01-23 04:00:00,68.516,21.58,61.62,4.08,0.0,0,0.0
2026-01-23 05:00:00,71.986,20.47,66.07,3.6,0.0,0,0.0
2026-01-23 06:00:00,68.208,23.47,62.54,3.48,0.0,0,0.0
2026-01-23 07:00:00,71.509,20.3,63.34,4.84,0.0,0,0.0
2026-01-23 08:00:00,76.426,18.83,65.95,3.5,0.0,0,0.0
2026-01-23 09:00:00,74.407,19.0,70.08,3.69,0.0,0,0.0
2026-01-23 10:00:00,69.899,19.1,67.03,2.63,0.0,0,0.0
2026-01-23 11:00:00,74.583,21.99,62.79,3.0,0.0,0,0.0
2026-01-23 12:00:00,74.589,21.26,64.92,1.33,0.0,0,0.0
2026-01-23 13:00:00,71.326,22.81,63.41,1.53,0.0,0,0.0
2026-01-23 14:00:00,73.555,23.62,60.33,0.73,0.0,0,0.0
2026-01-23 15:00:00,75.929,25.61,62.01,0.78,0.0,0,0.0
2026-01-23 16:00:00,77.784,24.68,59.85,1.65,0.0,0,0.0
2026-01-23 17:00:00,83.088,25.23,64.23,0.38,3.53,0,0.0
2026-01-23 18:00:00,88.225,27.43,66.08,1.13,0.0,0,0.0
2026-01-23 19:00:00,85.006,28.28,65.43,1.66,5.03,0,0.0
2026-01-23 20:00:00,86.634,28.09,63.46,0.88,0.0,0,0.0
2026-01-23 21:00:00,78.625,26.59,61.07,1.74,0.0,0,0.0
2026-01-23 22:00:00,76.482,27.97,62.46,1.77,0.0,1,82.5
2026-01-23 23:00:00,78.208,25.63,55.29,1.88,4.68,0,0.0
2026-01-24 00:00:00,58.317,25.1,60.13,2.65,0.0,0,0.0
2026-01-24 01:00:00,60.259,23.63,57.68,3.69,0.0,0,0.0
2026-01-24 02:00:00,66.688,25.28,52.88,2.57,0.0,1,160.8
2026-01-24 03:00:00,65.077,23.45,68.43,2.69,0.69,0,0.0
2026-01-24 04:00:00,60.891,22.45,67.49,2.89,0.0,0,0.0
2026-01-24 05:00:00,62.14,22.39,62.27,4.25,0.0,0,0.0
2026-01-24 06:00:00,64.975,23.63,57.63,4.38,0.0,0,0.0
2026-01-24 07:00:00,71.132,17.81,67.71,3.33,0.0,0,0.0
2026-01-24 08:00:00,67.75,18.84,63.22,2.22,1.83,0,0.0
2026-01-24 09:00:00,68.517,19.12,68.58,2.86,0.0,0,0.0
2026-01-24 10:00:00,72.563,19.24,71.45,3.28,0.0,0,0.0
2026-01-24 11:00:00,66.108,19.6,61.48,2.55,7.51,0,0.0
2026-01-24 12:00:00,64.017,21.36,58.85,2.31,0.0,0,0.0
2026-01-24 13:00:00,65.268,21.23,59.27,1.5,0.0,0,0.0
2026-01-24 14:00:00,66.183,24.12,54.93,2.06,0.0,0,0.0
2026-01-24 15:00:00,65.6,24.82,59.02,1.35,0.0,0,0.0
2026-01-24 16:00:00,72.729,26.3,52.48,1.25,0.0,0,0.0
2026-01-24 17:00:00,76.87,27.16,53.42,0.85,0.0,0,0.0
2026-01-24 18:00:00,76.74,27.91,55.33,1.01,0.0,0,0.0
2026-01-24 19:00:00,83.253,27.14,54.11,1.03,0.0,0,0.0
2026-01-24 20:00:00,80.21,30.27,60.82,0.34,0.0,0,0.0
2026-01-24 21:00:00,73.007,27.87,52.86,1.36,0.0,0,0.0
2026-01-24 22:00:00,76.866,24.95,66.02,1.92,0.0,0,0.0
2026-01-24 23:00:00,67.068,25.35,56.11,2.5,0.0,0,0.0
2026-01-25 00:00:00,61.093,23.66,55.43,2.45,0.0,1,107.4
2026-01-25 01:00:00,59.448,24.81,53.27,2.01,0.0,0,0.0
2026-01-25 02:00:00,63.242,23.6,64.57,2.46,0.0,0,0.0
2026-01-25 03:00:00,59.913,22.15,58.56,3.0,0.0,0,0.0
2026-01-25 04:00:00,61.388,24.16,61.14,3.61,0.0,0,0.0
2026-01-25 05:00:00,62.485,21.58,56.73,3.58,0.0,0,0.0
2026-01-25 06:00:00,67.219,21.16,70.08,3.03,7.48,0,0.0
2026-01-25 07:00:00,69.827,18.77,58.62,2.97,0.0,0,0.0
2026-01-25 08:00:00,67.514,18.55,63.05,2.24,3.3,0,0.0
2026-01-25 09:00:00,71.28,19.93,68.82,1.39,0.0,0,0.0
2026-01-25 10:00:00,70.053,20.49,59.38,2.87,0.0,0,0.0
2026-01-25 11:00:00,67.547,18.69,60.79,3.98,0.0,0,0.0
2026-01-25 12:00:00,69.613,21.53,67.21,3.28,0.0,0,0.0
2026-01-25 13:00:00,61.942,22.73,58.46,1.22,0.0,0,0.0
2026-01-25 14:00:00,67.508,23.49,53.95,1.54,0.0,0,0.0
2026-01-25 15:00:00,65.86,23.81,60.13,0.26,0.0,0,0.0
2026-01-25 16:00:00,70.453,25.1,53.13,0.11,0.0,0,0.0
2026-01-25 17:00:00,73.246,26.37,65.83,0.1,0.0,0,0.0
2026-01-25 18:00:00,78.082,27.32,61.23,0.56,0.0,0,0.0
2026-01-25 19:00:00,78.466,28.34,59.74,0.64,0.0,0,0.0
2026-01-25 20:00:00,82.546,29.05,53.6,1.05,0.0,0,0.0
2026-01-25 21:00:00,76.972,27.26,62.14,1.54,0.0,0,0.0
2026-01-25 22:00:00,73.867,26.67,62.16,1.25,0.0,0,0.0
2026-01-25 23:00:00,67.201,27.1,52.64,1.83,5.31,0,0.0
2026-01-26 00:00:00,69.527,26.51,65.31,1.54,0.0,1,49.5
2026-01-26 01:00:00,71.084,24.29,62.12,1.78,0.0,0,0.0
2026-01-26 02:00:00,69.638,24.73,65.05,2.05,0.0,0,0.0
2026-01-26 03:00:00,63.59,23.92,57.59,3.65,0.0,0,0.0
2026-01-26 04:00:00,66.129,23.33,55.83,3.3,0.0,0,0.0
2026-01-26 05:00:00,70.625,23.08,64.69,2.53,2.9,0,0.0
2026-01-26 06:00:00,69.806,19.28,68.34,3.66,0.0,0,0.0
2026-01-26 07:00:00,79.541,19.93,61.83,2.9,0.0,0,0.0
2026-01-26 08:00:00,73.561,19.79,56.48,4.5,0.0,0,0.0
2026-01-26 09:00:00,76.73,19.8,68.4,2.91,0.0,0,0.0
2026-01-26 10:00:00,73.687,19.54,59.37,3.36,0.0,0,0.0
2026-01-26 11:00:00,74.134,19.17,61.58,3.24,0.0,0,0.0
2026-01-26 12:00:00,76.53,21.89,64.29,1.63,1.93,0,0.0
2026-01-26 13:00:00,71.151,21.82,56.41,1.86,0.0,0,0.0
2026-01-26 14:00:00,71.222,23.88,54.75,1.78,0.0,0,0.0
2026-01-26 15:00:00,71.222,23.86,54.07,1.21,0.0,0,0.0
2026-01-26 16:00:00,81.557,24.46,67.07,1.12,0.0,0,0.0
2026-01-26 17:00:00,80.952,26.89,56.54,0.1,0.0,0,0.0
2026-01-26 18:00:00,84.017,27.42,61.46,1.03,0.0,0,0.0
2026-01-26 19:00:00,80.204,28.34,65.84,0.46,0.0,0,0.0
2026-01-26 20:00:00,84.527,30.4,59.8,1.11,0.0,0,0.0
2026-01-26 21:00:00,80.721,27.98,59.09,1.69,0.0,0,0.0
2026-01-26 22:00:00,73.638,27.83,59.12,1.85,0.0,0,0.0
2026-01-26 23:00:00,76.643,25.31,58.47,2.02,0.0,0,0.0
2026-01-27 00:00:00,65.678,24.26,62.44,2.59,0.0,0,0.0
2026-01-27 01:00:00,72.621,26.74,66.34,3.0,0.0,0,0.0
2026-01-27 02:00:00,70.781,22.7,66.2,3.85,0.0,0,0.0
2026-01-27 03:00:00,65.055,21.52,61.45,3.24,0.0,0,0.0
2026-01-27 04:00:00,70.871,21.76,59.93,3.6,0.0,0,0.0
2026-01-27 05:00:00,73.546,20.87,68.73,4.21,0.0,0,0.0
2026-01-27 06:00:00,68.894,19.26,58.48,3.41,0.0,0,0.0
2026-01-27 07:00:00,71.311,19.58,69.0,2.85,0.0,0,0.0
2026-01-27 08:00:00,69.935,21.28,59.06,3.79,0.0,0,0.0
2026-01-27 09:00:00,77.568,18.98,67.35,3.14,0.0,0,0.0
2026-01-27 10:00:00,73.581,18.67,68.89,2.23,0.0,0,0.0
2026-01-27 11:00:00,75.172,22.11,61.89,2.89,0.0,0,0.0
2026-01-27 12:00:00,70.514,22.4,57.45,3.06,0.0,0,0.0
2026-01-27 13:00:00,70.934,22.03,67.46,0.83,2.82,0,0.0
2026-01-27 14:00:00,70.603,21.91,60.37,2.06,0.0,0,0.0
2026-01-27 15:00:00,71.141,23.95,58.44,0.1,0.0,0,0.0
2026-01-27 16:00:00,76.705,25.74,60.21,0.66,0.0,1,84.9
2026-01-27 17:00:00,79.824,28.03,57.71,1.86,0.0,0,0.0
2026-01-27 18:00:00,84.345,26.03,62.63,0.5,0.0,0,0.0
2026-01-27 19:00:00,84.973,27.57,53.52,0.81,0.0,0,0.0
2026-01-27 20:00:00,81.634,28.62,57.37,1.36,0.0,0,0.0
2026-01-27 21:00:00,84.677,24.81,66.49,0.11,0.0,1,34.0
2026-01-27 22:00:00,77.191,28.51,51.43,1.49,0.0,0,0.0
2026-01-27 23:00:00,79.684,25.22,59.73,1.85,5.4,0,0.0
2026-01-28 00:00:00,67.977,26.23,62.17,3.32,0.0,0,0.0
2026-01-28 01:00:00,67.79,25.17,66.22,1.85,0.0,0,0.0
2026-01-28 02:00:00,66.049,25.14,61.83,2.72,0.0,0,0.0
2026-01-28 03:00:00,70.391,23.46,66.29,2.7,3.78,0,0.0
2026-01-28 04:00:00,67.065,18.98,59.95,2.88,0.0,0,0.0
2026-01-28 05:00:00,70.804,20.06,61.25,4.33,0.0,0,0.0
2026-01-28 06:00:00,75.696,20.54,69.81,3.72,0.0,0,0.0
2026-01-28 07:00:00,72.18,19.74,69.45,3.32,0.0,0,0.0
2026-01-28 08:00:00,78.569,20.41,64.12,3.19,4.44,0,0.0
2026-01-28 09:00:00,77.983,20.92,62.58,2.92,0.0,0,0.0
2026-01-28 10:00:00,76.95,21.1,62.11,2.67,0.0,0,0.0
2026-01-28 11:00:00,72.303,20.75,56.43,1.83,0.0,0,0.0
2026-01-28 12:00:00,71.649,19.62,69.61,2.04,0.0,0,0.0
2026-01-28 13:00:00,70.594,22.25,66.92,1.6,0.0,0,0.0
2026-01-28 14:00:00,70.952,24.33,60.24,1.0,0.0,0,0.0
2026-01-28 15:00:00,72.213,23.56,58.05,1.23,0.0,0,0.0
2026-01-28 16:00:00,77.731,26.59,57.19,1.04,0.0,0,0.0
2026-01-28 17:00:00,79.3,27.75,53.2,0.42,0.0,0,0.0
2026-01-28 18:00:00,85.729,27.45,62.36,0.61,0.0,0,0.0
2026-01-28 19:00:00,85.089,24.02,61.94,2.05,0.0,0,0.0
2026-01-28 20:00:00,84.185,26.3,55.73,2.17,0.0,0,0.0
2026-01-28 21:00:00,81.487,29.96,59.37,0.51,0.0,0,0.0
2026-01-28 22:00:00,78.983,26.64,66.7,0.9,0.0,1,78.1
2026-01-28 23:00:00,73.106,24.28,55.27,1.18,0.0,0,0.0
2026-01-29 00:00:00,69.184,27.34,58.47,2.83,0.0,0,0.0
2026-01-29 01:00:00,65.921,24.91,60.46,2.35,0.0,0,0.0
2026-01-29 02:00:00,67.611,25.19,55.39,3.09,0.0,0,0.0
2026-01-29 03:00:00,64.007,23.16,62.08,4.46,0.0,0,0.0
2026-01-29 04:00:00,69.778,22.41,63.64,3.49,0.0,0,0.0
2026-01-29 05:00:00,67.165,21.47,57.48,4.07,0.0,0,0.0
2026-01-29 06:00:00,68.337,21.23,57.58,4.01,0.0,0,0.0
2026-01-29 07:00:00,71.495,22.73,67.21,3.3,0.0,0,0.0
2026-01-29 08:00:00,72.393,21.03,60.05,4.13,0.0,0,0.0
2026-01-29 09:00:00,78.331,18.1,66.59,2.75,10.3,0,0.0
2026-01-29 10:00:00,79.825,20.93,64.84,3.75,0.0,0,0.0
2026-01-29 11:00:00,73.177,22.4,67.15,2.24,0.0,0,0.0
2026-01-29 12:00:00,67.402,23.3,65.12,1.91,0.0,0,0.0
2026-01-29 13:00:00,73.039,22.31,67.22,1.16,0.0,0,0.0
2026-01-29 14:00:00,70.071,25.26,62.22,0.9,0.0,0,0.0
2026-01-29 15:00:00,76.929,26.01,59.14,0.88,0.0,0,0.0
2026-01-29 16:00:00,77.329,28.95,56.53,0.1,0.0,0,0.0
2026-01-29 17:00:00,80.688,25.79,58.21,0.61,0.0,0,0.0
2026-01-29 18:00:00,87.12,26.72,58.25,0.4,0.0,0,0.0
2026-01-29 19:00:00,86.896,27.36,53.52,1.23,2.05,0,0.0
2026-01-29 20:00:00,81.078,27.27,58.0,1.15,0.0,0,0.0
2026-01-29 21:00:00,79.236,26.66,57.85,0.71,1.77,0,0.0
2026-01-29 22:00:00,72.649,24.01,54.11,1.17,0.0,0,0.0
2026-01-29 23:00:00,82.826,26.17,56.43,1.67,7.03,0,0.0
2026-01-30 00:00:00,65.427,26.33,63.48,3.09,0.0,0,0.0
2026-01-30 01:00:00,70.038,24.33,62.07,2.09,0.0,0,0.0
2026-01-30 02:00:00,66.454,26.21,64.37,2.52,0.0,0,0.0
2026-01-30 03:00:00,64.586,22.87,62.42,2.58,0.0,0,0.0
2026-01-30 04:00:00,68.577,23.44,66.75,2.61,0.0,0,0.0
2026-01-30 05:00:00,68.724,21.37,67.12,3.83,0.0,0,0.0
2026-01-30 06:00:00,72.589,21.42,56.62,3.82,0.0,0,0.0
2026-01-30 07:00:00,76.305,20.36,70.44,4.42,0.0,0,0.0
2026-01-30 08:00:00,73.608,21.53,55.3,4.12,0.0,0,0.0
2026-01-30 09:00:00,73.064,20.09,64.9,4.7,0.0,0,0.0
2026-01-30 10:00:00,76.661,21.02,67.28,2.91,10.96,0,0.0
2026-01-30 11:00:00,68.24,21.5,60.08,2.43,0.0,0,0.0
2026-01-30 12:00:00,72.071,21.54,64.05,1.42,0.75,0,0.0
2026-01-30 13:00:00,71.532,23.34,59.43,2.23,0.0,0,0.0
2026-01-30 14:00:00,69.34,26.57,52.97,1.52,0.0,0,0.0
2026-01-30 15:00:00,71.203,24.6,53.37,1.53,0.9,0,0.0
2026-01-30 16:00:00,78.479,26.39,53.59,0.22,2.88,0,0.0
2026-01-30 17:00:00,79.694,28.23,52.54,0.96,0.0,0,0.0
2026-01-30 18:00:00,85.377,28.72,59.93,0.82,4.08,1,59.2
2026-01-30 19:00:00,84.492,27.77,59.23,0.83,0.0,1,38.6
2026-01-30 20:00:00,84.624,25.03,59.81,0.49,0.0,0,0.0
2026-01-30 21:00:00,80.73,28.37,61.36,1.85,0.0,0,0.0
2026-01-30 22:00:00,75.971,24.69,53.44,2.68,0.0,0,0.0
2026-01-30 23:00:00,70.073,28.48,54.98,1.15,0.88,0,0.0
2026-01-31 00:00:00,62.001,26.12,63.99,2.63,0.0,0,0.0
2026-01-31 01:00:00,62.581,26.15,65.96,0.86,0.0,0,0.0
2026-01-31 02:00:00,60.913,22.83,60.88,3.35,0.0,0,0.0
2026-01-31 03:00:00,65.681,21.02,56.61,2.14,0.0,0,0.0
2026-01-31 04:00:00,63.231,22.23,66.64,3.18,0.0,0,0.0
2026-01-31 05:00:00,63.773,21.05,68.65,2.86,0.0,0,0.0
2026-01-31 06:00:00,66.649,19.86,62.29,3.57,0.0,0,0.0
2026-01-31 07:00:00,72.955,20.15,59.56,4.15,0.0,0,0.0
2026-01-31 08:00:00,70.494,23.24,54.72,2.38,0.0,1,104.7
2026-01-31 09:00:00,65.741,21.05,64.23,3.04,0.0,0,0.0
2026-01-31 10:00:00,72.236,21.71,68.62,2.64,0.0,0,0.0
2026-01-31 11:00:00,66.869,22.1,64.91,3.54,0.0,0,0.0
2026-01-31 12:00:00,62.091,23.69,58.54,2.46,0.0,0,0.0
2026-01-31 13:00:00,70.673,22.65,64.05,1.11,0.0,0,0.0
2026-01-31 14:00:00,70.973,21.45,67.61,1.17,0.0,0,0.0
2026-01-31 15:00:00,67.074,24.72,60.3,2.07,0.0,0,0.0
2026-01-31 16:00:00,73.419,26.89,64.16,1.33,7.78,0,0.0
2026-01-31 17:00:00,76.327,25.58,58.53,0.2,0.0,0,0.0
2026-01-31 18:00:00,77.184,27.17,56.93,0.54,2.54,0,0.0
2026-01-31 19:00:00,79.59,26.95,60.58,0.61,0.0,0,0.0
2026-01-31 20:00:00,77.325,29.72,57.14,0.58,0.0,0,0.0
2026-01-31 21:00:00,76.137,28.68,65.45,0.11,0.0,0,0.0
2026-01-31 22:00:00,69.378,28.16,58.85,1.04,0.0,0,0.0
2026-01-31 23:00:00,71.161,27.49,57.28,2.65,0.0,0,0.0
2026-02-01 00:00:00,64.565,25.9,58.39,1.97,0.0,0,0.0
2026-02-01 01:00:00,61.483,25.21,61.09,2.53,0.0,0,0.0
2026-02-01 02:00:00,61.698,22.52,59.81,3.03,1.88,0,0.0
2026-02-01 03:00:00,63.377,20.28,66.67,4.59,0.0,0,0.0
2026-02-01 04:00:00,62.855,22.12,60.44,3.5,2.12,0,0.0
2026-02-01 05:00:00,67.821,21.5,60.86,4.31,0.0,0,0.0
2026-02-01 06:00:00,62.693,21.93,64.1,3.34,0.0,0,0.0
2026-02-01 07:00:00,70.764,21.96,55.73,3.49,3.22,0,0.0
2026-02-01 08:00:00,70.354,21.83,64.73,3.51,0.0,0,0.0
2026-02-01 09:00:00,68.137,18.88,64.25,2.8,0.0,0,0.0
2026-02-01 10:00:00,75.919,20.06,62.76,2.83,0.0,0,0.0
2026-02-01 11:00:00,75.072,21.69,65.77,3.12,0.0,0,0.0
2026-02-01 12:00:00,67.224,24.98,64.39,1.72,0.0,0,0.0
2026-02-01 13:00:00,69.882,24.68,65.88,1.81,5.88,0,0.0
2026-02-01 14:00:00,65.895,25.29,58.45,1.88,0.0,0,0.0
2026-02-01 15:00:00,68.342,24.51,58.2,0.64,0.0,0,0.0
2026-02-01 16:00:00,72.993,24.88,63.79,1.56,9.53,0,0.0
2026-02-01 17:00:00,73.297,27.72,60.1,0.79,0.0,0,0.0
2026-02-01 18:00:00,83.571,26.09,61.83,0.6,0.0,0,0.0
2026-02-01 19:00:00,82.625,27.52,59.82,0.1,9.13,0,0.0
2026-02-01 20:00:00,79.496,27.8,62.91,0.68,0.0,0,0.0
2026-02-01 21:00:00,75.192,29.72,53.02,1.36,3.69,0,0.0
2026-02-01 22:00:00,73.311,26.98,60.15,2.5,0.0,0,0.0
2026-02-01 23:00:00,64.586,23.84,56.07,2.15,0.0,1,22.0
2026-02-02 00:00:00,65.25,26.57,58.16,2.88,0.0,0,0.0
2026-02-02 01:00:00,64.311,24.16,63.46,1.86,0.0,0,0.0
2026-02-02 02:00:00,72.117,24.02,60.98,2.87,5.82,0,0.0
2026-02-02 03:00:00,62.995,22.83,60.0,3.99,0.0,0,0.0
2026-02-02 04:00:00,65.494,21.64,68.29,2.97,0.0,0,0.0
2026-02-02 05:00:00,67.067,22.09,66.34,4.23,8.35,0,0.0
2026-02-02 06:00:00,68.76,18.66,64.7,4.14,0.0,0,0.0
2026-02-02 07:00:00,74.735,19.48,70.56,3.81,5.57,0,0.0
2026-02-02 08:00:00,78.142,20.79,61.89,3.3,0.0,0,0.0
2026-02-02 09:00:00,76.397,19.37,68.2,2.67,0.0,0,0.0
2026-02-02 10:00:00,74.199,18.57,59.37,4.02,0.0,0,0.0
2026-02-02 11:00:00,74.768,21.94,59.12,2.97,0.0,0,0.0
2026-02-02 12:00:00,71.335,23.32,59.08,2.4,0.0,0,0.0
2026-02-02 13:00:00,77.235,22.88,55.86,1.56,0.0,0,0.0
2026-02-02 14:00:00,70.875,21.62,62.56,1.47,0.0,0,0.0
2026-02-02 15:00:00,75.64,25.85,55.37,1.24,0.0,0,0.0
2026-02-02 16:00:00,80.33,23.98,63.13,1.14,0.0,0,0.0
2026-02-02 17:00:00,81.36,27.17,54.55,1.19,5.12,0,0.0
2026-02-02 18:00:00,85.236,26.37,54.03,0.23,3.54,0,0.0
2026-02-02 19:00:00,84.752,26.44,66.67,0.1,0.0,0,0.0
2026-02-02 20:00:00,85.748,27.44,61.41,0.95,1.26,0,0.0
2026-02-02 21:00:00,82.76,27.61,65.48,0.1,0.0,0,0.0
2026-02-02 22:00:00,77.877,26.66,59.35,1.26,0.0,0,0.0
2026-02-02 23:00:00,71.238,27.5,52.0,1.51,0.0,0,0.0
2026-02-03 00:00:00,71.99,25.46,61.34,2.5,0.0,0,0.0
2026-02-03 01:00:00,68.892,26.21,60.65,3.78,0.0,0,0.0
2026-02-03 02:00:00,62.518,24.33,53.63,1.78,0.0,0,0.0
2026-02-03 03:00:00,66.74,22.12,67.65,4.63,0.0,0,0.0
2026-02-03 04:00:00,64.068,20.96,64.73,3.36,0.0,0,0.0
2026-02-03 05:00:00,72.265,19.19,67.66,3.86,3.47,0,0.0
2026-02-03 06:00:00,73.646,20.88,62.88,2.85,8.23,0,0.0
2026-02-03 07:00:00,73.78,19.71,65.45,4.25,0.0,0,0.0
2026-02-03 08:00:00,73.845,17.15,61.57,3.52,3.04,0,0.0
2026-02-03 09:00:00,76.485,19.49,70.91,3.22,0.0,0,0.0
2026-02-03 10:00:00,77.676,19.45,62.34,1.79,0.0,0,0.0
2026-02-03 11:00:00,80.568,23.06,56.6,2.63,13.11,0,0.0
2026-02-03 12:00:00,73.76,19.95,56.87,2.71,0.0,0,0.0
2026-02-03 13:00:00,68.264,21.23,64.8,1.67,1.03,0,0.0
2026-02-03 14:00:00,73.084,25.33,67.55,2.15,0.0,0,0.0
2026-02-03 15:00:00,76.42,26.66,65.44,1.82,0.0,0,0.0
2026-02-03 16:00:00,79.389,25.1,63.47,0.52,8.99,0,0.0
2026-02-03 17:00:00,80.885,26.06,67.22,1.71,8.54,0,0.0
2026-02-03 18:00:00,81.692,28.2,61.92,0.73,0.0,0,0.0
2026-02-03 19:00:00,91.097,25.07,58.05,0.78,8.08,0,0.0
2026-02-03 20:00:00,81.447,25.76,61.56,0.96,0.0,0,0.0
2026-02-03 21:00:00,81.359,27.52,52.68,1.18,0.0,0,0.0
2026-02-03 22:00:00,79.38,29.32,53.73,0.1,5.33,0,0.0
2026-02-03 23:00:00,76.252,26.3,58.48,1.7,6.83,0,0.0
2026-02-04 00:00:00,68.073,26.14,55.34,1.38,6.64,0,0.0
2026-02-04 01:00:00,70.045,26.42,66.45,3.56,0.0,0,0.0
2026-02-04 02:00:00,68.344,26.55,67.0,3.9,0.0,0,0.0
2026-02-04 03:00:00,68.104,22.29,60.19,3.77,8.55,0,0.0
2026-02-04 04:00:00,68.407,22.0,65.44,3.36,0.0,0,0.0
2026-02-04 05:00:00,66.15,23.38,60.09,3.04,0.0,0,0.0
2026-02-04 06:00:00,71.66,18.73,58.86,3.31,0.0,0,0.0
2026-02-04 07:00:00,75.013,21.39,60.22,4.81,10.46,0,0.0
2026-02-04 08:00:00,74.215,18.8,60.22,3.08,1.81,0,0.0
2026-02-04 09:00:00,80.338,20.28,60.75,1.85,8.76,0,0.0
2026-02-04 10:00:00,74.538,20.26,59.07,3.57,0.0,0,0.0
2026-02-04 11:00:00,72.71,20.04,57.66,3.49,0.0,0,0.0
2026-02-04 12:00:00,77.417,20.84,58.76,3.2,8.25,1,35.3
2026-02-04 13:00:00,70.452,23.32,67.6,2.43,1.22,0,0.0
2026-02-04 14:00:00,73.463,25.21,54.15,2.17,0.0,0,0.0
2026-02-04 15:00:00,78.581,24.9,57.93,1.17,4.86,0,0.0
2026-02-04 16:00:00,81.336,26.1,60.26,0.1,0.0,0,0.0
2026-02-04 17:00:00,87.162,27.53,56.8,0.77,0.0,0,0.0
2026-02-04 18:00:00,84.57,26.32,59.97,1.07,5.9,0,0.0
2026-02-04 19:00:00,82.783,28.77,51.39,0.67,0.0,1,38.0
2026-02-04 20:00:00,88.463,29.0,60.33,0.79,5.02,0,0.0
2026-02-04 21:00:00,84.764,31.01,57.85,0.56,0.0,0,0.0
2026-02-04 22:00:00,81.766,27.03,61.99,0.85,17.09,1,53.2
2026-02-04 23:00:00,76.052,26.3,60.73,2.91,0.0,0,0.0
2026-02-05 00:00:00,74.174,26.97,58.39,3.32,0.0,0,0.0
2026-02-05 01:00:00,69.222,26.06,57.61,2.59,6.02,0,0.0
2026-02-05 02:00:00,69.061,23.4,57.35,3.12,0.0,0,0.0
2026-02-05 03:00:00,71.296,22.53,61.99,2.67,0.0,0,0.0
2026-02-05 04:00:00,73.625,22.69,54.77,3.88,0.0,0,0.0
2026-02-05 05:00:00,71.456,20.22,60.79,4.7,6.56,0,0.0
2026-02-05 06:00:00,75.009,20.09,66.11,2.78,1.36,0,0.0
2026-02-05 07:00:00,72.597,20.29,57.46,3.93,4.79,0,0.0
2026-02-05 08:00:00,75.357,21.24,56.2,3.82,0.0,0,0.0
2026-02-05 09:00:00,75.728,19.46,66.11,3.58,0.0,1,157.0
2026-02-05 10:00:00,72.712,18.37,62.94,3.94,5.98,0,0.0
2026-02-05 11:00:00,70.507,18.92,68.68,3.81,0.0,0,0.0
2026-02-05 12:00:00,75.579,20.53,69.74,2.06,4.7,0,0.0
2026-02-05 13:00:00,73.523,21.43,69.49,2.22,0.0,0,0.0
2026-02-05 14:00:00,69.989,23.86,60.07,1.5,0.0,0,0.0
2026-02-05 15:00:00,78.429,23.65,57.77,0.76,0.0,0,0.0
2026-02-05 16:00:00,75.684,25.2,62.01,1.06,0.0,0,0.0
2026-02-05 17:00:00,83.347,25.94,61.86,1.15,2.45,0,0.0
2026-02-05 18:00:00,83.631,26.98,61.15,0.83,0.0,0,0.0
2026-02-05 19:00:00,85.753,29.5,55.13,0.22,0.0,0,0.0
2026-02-05 20:00:00,91.523,28.84,51.65,0.62,17.44,0,0.0
2026-02-05 21:00:00,83.435,27.93,54.39,0.87,0.0,0,0.0
2026-02-05 22:00:00,79.615,26.96,54.14,0.94,0.0,0,0.0
2026-02-05 23:00:00,75.66,26.35,54.05,2.0,0.0,0,0.0
2026-02-06 00:00:00,64.882,26.46,66.02,2.45,0.0,0,0.0
2026-02-06 01:00:00,70.638,25.81,52.72,3.18,3.85,0,0.0
2026-02-06 02:00:00,64.641,22.98,63.24,2.44,0.0,0,0.0
2026-02-06 03:00:00,67.854,23.08,68.36,2.91,0.0,0,0.0
2026-02-06 04:00:00,67.716,19.63,61.62,4.43,3.56,0,0.0
2026-02-06 05:00:00,70.229,21.5,63.01,3.55,0.0,0,0.0
2026-02-06 06:00:00,73.609,21.52,65.52,3.72,10.42,0,0.0
2026-02-06 07:00:00,74.461,19.87,60.84,3.54,4.78,0,0.0
2026-02-06 08:00:00,80.113,22.25,61.81,4.18,0.0,0,0.0
2026-02-06 09:00:00,75.896,19.15,68.77,3.96,6.84,1,113.2
2026-02-06 10:00:00,76.474,20.87,66.66,3.62,0.0,0,0.0
2026-02-06 11:00:00,72.041,21.2,67.41,2.6,0.0,0,0.0
2026-02-06 12:00:00,75.052,21.95,69.64,1.68,0.0,0,0.0
2026-02-06 13:00:00,71.713,22.9,59.82,2.97,6.03,0,0.0
2026-02-06 14:00:00,73.24,24.2,64.69,1.96,0.0,0,0.0
2026-02-06 15:00:00,72.056,26.12,61.37,0.87,0.0,1,76.7
2026-02-06 16:00:00,82.105,27.72,61.36,1.76,0.0,0,0.0
2026-02-06 17:00:00,83.381,26.9,62.96,0.43,3.07,0,0.0
2026-02-06 18:00:00,87.576,28.51,62.14,1.55,7.2,0,0.0
2026-02-06 19:00:00,88.143,27.09,65.03,1.64,0.0,0,0.0
2026-02-06 20:00:00,83.016,28.99,55.85,0.35,5.42,0,0.0
2026-02-06 21:00:00,80.588,27.02,61.59,1.49,0.0,0,0.0
2026-02-06 22:00:00,78.714,28.84,54.9,1.92,0.0,0,0.0
2026-02-06 23:00:00,70.923,29.55,59.19,3.38,0.0,0,0.0
2026-02-07 00:00:00,58.13,25.95,63.7,1.75,0.0,0,0.0
2026-02-07 01:00:00,59.889,22.5,66.37,3.45,0.0,0,0.0
2026-02-07 02:00:00,58.749,23.44,60.24,2.96,0.0,0,0.0
2026-02-07 03:00:00,61.304,24.54,60.91,2.52,0.0,0,0.0
2026-02-07 04:00:00,65.366,22.76,59.35,3.43,5.56,0,0.0
2026-02-07 05:00:00,65.227,21.57,57.6,3.65,0.0,0,0.0
2026-02-07 06:00:00,70.132,21.84,58.8,3.06,0.0,0,0.0
2026-02-07 07:00:00,68.899,20.81,69.19,3.84,0.0,0,0.0
2026-02-07 08:00:00,71.879,21.56,59.7,4.07,4.12,0,0.0
2026-02-07 09:00:00,73.855,21.33,69.82,3.4,6.03,0,0.0
2026-02-07 10:00:00,71.243,22.46,58.15,2.62,0.0,0,0.0
2026-02-07 11:00:00,70.478,21.7,65.83,2.5,0.65,0,0.0
2026-02-07 12:00:00,69.726,23.18,62.7,2.2,0.0,0,0.0
2026-02-07 13:00:00,69.01,22.69,64.84,1.94,0.0,0,0.0
2026-02-07 14:00:00,69.608,23.37,63.64,2.12,2.97,0,0.0
2026-02-07 15:00:00,76.955,27.18,62.29,1.3,10.01,0,0.0
2026-02-07 16:00:00,73.664,26.35,65.77,0.1,0.0,0,0.0
2026-02-07 17:00:00,76.144,27.89,59.72,0.41,3.38,0,0.0
2026-02-07 18:00:00,77.36,27.71,52.39,0.8,0.0,0,0.0
2026-02-07 19:00:00,79.431,27.26,55.71,1.43,0.0,0,0.0
2026-02-07 20:00:00,76.771,28.11,61.76,1.68,0.0,0,0.0
2026-02-07 21:00:00,75.2,29.68,57.6,2.2,0.0,0,0.0
2026-02-07 22:00:00,71.125,28.23,59.29,1.53,2.77,0,0.0
2026-02-07 23:00:00,70.156,24.87,62.03,2.27,0.0,1,74.6
2026-02-08 00:00:00,64.95,25.86,58.22,1.33,7.78,0,0.0
2026-02-08 01:00:00,61.519,27.29,63.23,2.85,11.41,0,0.0
2026-02-08 02:00:00,60.5,23.86,64.54,2.3,0.0,0,0.0
2026-02-08 03:00:00,70.012,20.92,66.16,3.22,11.28,0,0.0
2026-02-08 04:00:00,71.525,24.39,64.09,5.32,22.55,0,0.0
2026-02-08 05:00:00,65.663,22.11,68.09,3.83,0.0,0,0.0
2026-02-08 06:00:00,65.138,20.57,64.59,3.18,2.71,0,0.0
2026-02-08 07:00:00,70.917,19.81,70.62,3.89,4.18,0,0.0
2026-02-08 08:00:00,69.947,21.42,56.94,3.19,0.0,0,0.0
2026-02-08 09:00:00,69.422,19.61,65.72,2.68,0.0,0,0.0
2026-02-08 10:00:00,69.898,22.03,65.53,4.21,0.0,0,0.0
2026-02-08 11:00:00,67.795,21.94,61.99,3.23,0.0,0,0.0
2026-02-08 12:00:00,63.206,22.41,58.88,2.41,0.0,0,0.0
2026-02-08 13:00:00,64.519,23.26,62.3,1.58,4.13,0,0.0
2026-02-08 14:00:00,66.592,23.91,59.13,1.26,0.0,0,0.0
2026-02-08 15:00:00,73.311,26.41,65.79,2.06,16.72,0,0.0
2026-02-08 16:00:00,71.896,25.08,58.3,1.08,0.0,0,0.0
2026-02-08 17:00:00,71.746,25.0,55.63,0.1,0.0,0,0.0
2026-02-08 18:00:00,85.642,28.32,59.65,2.15,14.32,0,0.0
2026-02-08 19:00:00,85.29,28.74,56.7,0.86,0.0,0,0.0
2026-02-08 20:00:00,81.227,28.7,52.22,1.11,0.0,0,0.0
2026-02-08 21:00:00,81.717,28.47,59.39,1.79,7.23,0,0.0
2026-02-08 22:00:00,74.598,27.2,59.75,1.73,0.0,0,0.0
2026-02-08 23:00:00,69.715,27.89,53.86,2.26,0.0,0,0.0
2026-02-09 00:00:00,68.217,26.09,61.31,1.95,1.31,0,0.0
2026-02-09 01:00:00,69.533,24.59,61.75,1.85,14.69,0,0.0
2026-02-09 02:00:00,69.451,23.77,65.34,3.12,0.0,0,0.0
2026-02-09 03:00:00,69.193,25.53,58.1,4.12,0.0,0,0.0
2026-02-09 04:00:00,66.336,20.06,59.69,3.11,0.0,0,0.0
2026-02-09 05:00:00,71.436,21.92,69.12,3.21,0.0,0,0.0
2026-02-09 06:00:00,69.497,18.66,65.22,4.43,0.0,0,0.0
2026-02-09 07:00:00,73.213,20.15,56.32,3.37,5.62,0,0.0
2026-02-09 08:00:00,79.74,19.62,68.54,3.25,4.85,1,71.5
2026-02-09 09:00:00,77.145,17.78,60.28,3.04,0.0,0,0.0
2026-02-09 10:00:00,76.076,21.15,67.1,2.91,0.0,0,0.0
2026-02-09 11:00:00,73.843,20.86,66.06,1.64,0.0,0,0.0
2026-02-09 12:00:00,73.577,19.62,70.76,1.88,0.0,0,0.0
2026-02-09 13:00:00,69.201,24.12,68.01,1.95,3.15,1,164.0
2026-02-09 14:00:00,70.822,25.87,56.6,1.58,0.0,1,24.2
2026-02-09 15:00:00,72.633,26.97,63.32,1.83,0.0,0,0.0
2026-02-09 16:00:00,78.324,26.57,56.81,2.0,0.0,0,0.0
2026-02-09 17:00:00,87.442,27.03,61.22,1.66,8.37,0,0.0
2026-02-09 18:00:00,89.331,29.2,59.45,1.25,10.43,0,0.0
2026-02-09 19:00:00,83.979,30.03,50.8,0.66,0.0,0,0.0
2026-02-09 20:00:00,82.38,29.5,50.38,0.53,0.0,0,0.0
2026-02-09 21:00:00,79.411,26.88,52.74,1.15,0.0,1,114.4
2026-02-09 22:00:00,83.021,27.85,53.21,1.8,0.0,0,0.0
2026-02-09 23:00:00,74.827,27.5,55.37,2.3,0.0,0,0.0
2026-02-10 00:00:00,70.074,24.0,67.21,2.57,5.76,0,0.0
2026-02-10 01:00:00,62.228,25.77,60.32,2.52,0.0,0,0.0
2026-02-10 02:00:00,65.21,26.9,63.82,3.42,0.0,0,0.0
2026-02-10 03:00:00,68.052,23.9,66.23,4.02,0.0,0,0.0
2026-02-10 04:00:00,67.805,23.94,64.66,4.03,1.12,0,0.0
2026-02-10 05:00:00,69.598,21.56,60.94,3.63,0.0,0,0.0
2026-02-10 06:00:00,77.456,20.62,68.59,3.2,17.36,0,0.0
2026-02-10 07:00:00,75.775,20.76,66.67,3.13,0.0,0,0.0
2026-02-10 08:00:00,71.532,19.19,67.63,3.09,0.0,1,53.1
2026-02-10 09:00:00,74.554,19.15,70.04,3.41,0.0,0,0.0
2026-02-10 10:00:00,76.281,22.22,63.65,3.26,0.0,0,0.0
2026-02-10 11:00:00,73.111,22.99,62.14,1.74,0.0,0,0.0
2026-02-10 12:00:00,75.677,20.98,68.77,1.9,10.8,0,0.0
2026-02-10 13:00:00,73.011,24.29,60.24,1.96,2.05,0,0.0
2026-02-10 14:00:00,71.47,24.06,65.74,0.91,0.0,0,0.0
2026-02-10 15:00:00,75.071,25.61,53.44,1.4,0.0,0,0.0
2026-02-10 16:00:00,79.225,26.72,51.99,0.72,0.0,0,0.0
2026-02-10 17:00:00,83.834,28.19,59.01,0.32,4.82,1,97.4
2026-02-10 18:00:00,87.885,27.73,52.47,0.73,6.71,0,0.0
2026-02-10 19:00:00,81.198,29.72,64.81,0.99,0.0,0,0.0
2026-02-10 20:00:00,82.593,28.54,50.96,0.39,0.0,1,97.6
2026-02-10 21:00:00,84.772,28.78,61.5,0.99,0.0,0,0.0
2026-02-10 22:00:00,75.915,26.63,55.67,1.73,0.0,0,0.0
2026-02-10 23:00:00,76.907,29.59,64.76,1.35,11.36,0,0.0
2026-02-11 00:00:00,68.292,26.75,57.67,1.21,3.98,0,0.0
2026-02-11 01:00:00,70.185,26.08,52.76,1.67,11.32,0,0.0
2026-02-11 02:00:00,65.14,22.26,55.05,2.7,0.0,0,0.0
2026-02-11 03:00:00,72.969,22.17,63.0,2.47,2.69,0,0.0
2026-02-11 04:00:00,72.133,23.68,68.59,3.29,7.77,0,0.0
2026-02-11 05:00:00,67.934,21.71,69.67,4.65,0.0,0,0.0
2026-02-11 06:00:00,67.322,18.43,62.0,2.87,0.0,0,0.0
2026-02-11 07:00:00,75.023,21.57,62.3,3.48,0.0,0,0.0
2026-02-11 08:00:00,72.992,19.54,57.78,4.78,0.0,0,0.0
2026-02-11 09:00:00,84.314,22.02,62.62,3.51,6.05,0,0.0
2026-02-11 10:00:00,80.786,20.62,64.62,2.73,11.17,0,0.0
2026-02-11 11:00:00,75.573,21.61,58.8,2.49,0.0,0,0.0
2026-02-11 12:00:00,73.757,23.61,63.02,2.46,0.0,0,0.0
2026-02-11 13:00:00,75.356,22.08,68.25,2.83,0.0,1,111.8
2026-02-11 14:00:00,66.026,23.0,54.21,1.13,0.0,0,0.0
2026-02-11 15:00:00,72.442,24.99,56.44,0.68,2.15,0,0.0
2026-02-11 16:00:00,80.845,27.18,54.84,0.1,0.0,0,0.0
2026-02-11 17:00:00,88.165,25.42,54.6,0.81,10.34,0,0.0
2026-02-11 18:00:00,80.899,25.65,55.1,0.1,0.0,0,0.0
2026-02-11 19:00:00,81.502,29.04,59.96,0.47,0.0,0,0.0
2026-02-11 20:00:00,86.683,27.47,53.06,0.36,7.21,0,0.0
2026-02-11 21:00:00,83.668,27.58,62.53,1.78,0.0,0,0.0
2026-02-11 22:00:00,79.291,25.43,66.05,1.14,0.0,0,0.0
2026-02-11 23:00:00,75.409,26.2,66.18,2.05,0.0,0,0.0
2026-02-12 00:00:00,64.303,26.2,62.18,1.24,3.8,0,0.0
2026-02-12 01:00:00,66.21,26.37,55.14,2.67,0.0,0,0.0
2026-02-12 02:00:00,66.149,23.29,55.31,2.23,0.0,0,0.0
2026-02-12 03:00:00,67.661,25.17,56.38,3.01,5.25,0,0.0
2026-02-12 04:00:00,64.004,21.39,69.59,4.83,0.0,0,0.0
2026-02-12 05:00:00,74.889,20.57,70.1,4.21,11.24,0,0.0
2026-02-12 06:00:00,73.677,22.59,60.17,3.62,0.0,0,0.0
2026-02-12 07:00:00,73.976,20.6,60.52,5.57,7.6,0,0.0
2026-02-12 08:00:00,75.485,19.55,63.92,2.95,0.0,0,0.0
2026-02-12 09:00:00,75.333,20.16,60.28,3.96,0.0,0,0.0
2026-02-12 10:00:00,75.954,22.37,69.27,2.03,0.0,0,0.0
2026-02-12 11:00:00,75.572,23.15,57.43,2.44,0.0,0,0.0
2026-02-12 12:00:00,73.805,21.23,60.8,1.39,0.0,0,0.0
2026-02-12 13:00:00,75.4,23.13,60.56,1.97,2.39,0,0.0
2026-02-12 14:00:00,75.496,24.32,55.28,1.48,1.59,0,0.0
2026-02-12 15:00:00,74.521,24.07,59.3,0.95,0.0,0,0.0
2026-02-12 16:00:00,88.628,26.15,65.16,1.56,7.97,0,0.0
2026-02-12 17:00:00,85.432,27.05,53.88,0.41,0.0,0,0.0
2026-02-12 18:00:00,85.865,29.05,59.33,0.9,8.21,0,0.0
2026-02-12 19:00:00,86.12,29.53,56.38,1.24,0.0,0,0.0
2026-02-12 20:00:00,79.306,27.82,53.87,0.1,0.0,1,186.2
2026-02-12 21:00:00,81.487,27.82,51.49,0.69,0.0,0,0.0
2026-02-12 22:00:00,82.578,28.48,55.01,1.48,0.0,0,0.0
2026-02-12 23:00:00,81.256,26.34,53.12,2.19,0.0,0,0.0
2026-02-13 00:00:00,67.178,26.94,57.49,3.05,0.0,0,0.0
2026-02-13 01:00:00,68.785,25.17,65.05,2.46,0.0,0,0.0
2026-02-13 02:00:00,69.178,23.07,64.95,2.76,0.0,0,0.0
2026-02-13 03:00:00,78.439,22.05,68.98,2.74,17.69,0,0.0
2026-02-13 04:00:00,68.751,23.97,60.02,3.7,9.58,0,0.0
2026-02-13 05:00:00,78.854,21.22,65.88,3.47,8.13,0,0.0
2026-02-13 06:00:00,71.188,22.74,64.34,3.54,0.0,0,0.0
2026-02-13 07:00:00,70.518,19.76,59.4,3.59,0.0,0,0.0
2026-02-13 08:00:00,78.765,20.59,60.2,3.83,12.54,0,0.0
2026-02-13 09:00:00,75.304,23.24,62.0,2.92,0.0,0,0.0
2026-02-13 10:00:00,78.659,19.5,68.25,2.49,3.44,0,0.0
2026-02-13 11:00:00,70.112,19.13,63.45,2.85,0.0,0,0.0
2026-02-13 12:00:00,72.985,23.78,57.15,0.38,0.0,0,0.0
2026-02-13 13:00:00,74.419,22.21,69.58,1.45,0.0,0,0.0
2026-02-13 14:00:00,81.041,24.21,55.21,0.76,16.5,0,0.0
2026-02-13 15:00:00,77.597,24.57,67.6,1.86,0.0,0,0.0
2026-02-13 16:00:00,82.688,26.56,64.2,0.64,0.0,0,0.0
2026-02-13 17:00:00,82.954,25.92,65.03,0.41,6.57,0,0.0
2026-02-13 18:00:00,86.186,27.48,63.43,0.67,0.0,0,0.0
2026-02-13 19:00:00,79.852,28.64,53.94,0.39,0.0,0,0.0
2026-02-13 20:00:00,84.609,27.03,61.27,0.66,0.0,0,0.0
2026-02-13 21:00:00,83.461,27.26,63.0,1.2,0.0,0,0.0
2026-02-13 22:00:00,80.177,27.28,62.81,1.2,0.0,0,0.0
2026-02-13 23:00:00,70.588,25.35,56.86,1.55,0.0,0,0.0
2026-02-14 00:00:00,60.594,25.75,55.27,1.59,0.0,0,0.0
2026-02-14 01:00:00,62.232,25.44,57.66,1.9,3.59,0,0.0
2026-02-14 02:00:00,60.842,23.78,60.93,2.99,0.0,0,0.0
2026-02-14 03:00:00,65.913,22.9,62.87,3.44,6.18,0,0.0
2026-02-14 04:00:00,62.722,22.24,67.21,2.64,0.0,0,0.0
2026-02-14 05:00:00,64.572,20.64,67.15,4.1,0.0,0,0.0
2026-02-14 06:00:00,67.769,21.62,65.17,4.16,8.68,0,0.0
2026-02-14 07:00:00,70.983,22.12,58.68,4.23,0.0,0,0.0
2026-02-14 08:00:00,77.77,19.7,63.36,3.68,14.83,1,31.6
2026-02-14 09:00:00,70.518,20.98,60.45,3.64,0.0,0,0.0
2026-02-14 10:00:00,77.507,20.51,59.22,4.26,0.0,0,0.0
2026-02-14 11:00:00,66.503,21.87,55.03,2.41,0.0,0,0.0
2026-02-14 12:00:00,69.884,24.14,58.61,1.57,0.0,0,0.0
2026-02-14 13:00:00,63.995,23.83,57.54,0.89,0.0,0,0.0
2026-02-14 14:00:00,69.275,22.13,63.3,2.5,0.0,0,0.0
2026-02-14 15:00:00,74.689,25.84,53.43,2.2,12.4,0,0.0
2026-02-14 16:00:00,70.464,27.74,55.41,0.35,0.0,0,0.0
2026-02-14 17:00:00,78.231,26.82,52.58,0.31,8.74,0,0.0
2026-02-14 18:00:00,84.807,28.92,60.27,0.51,1.57,0,0.0
2026-02-14 19:00:00,79.591,27.29,60.15,1.49,4.33,0,0.0
2026-02-14 20:00:00,79.915,26.48,57.18,0.13,0.0,0,0.0
2026-02-14 21:00:00,77.067,28.29,53.23,0.1,0.0,1,131.6
2026-02-14 22:00:00,75.944,25.62,67.0,2.75,8.07,0,0.0
2026-02-14 23:00:00,65.898,26.8,60.69,2.0,1.78,0,0.0
2026-02-15 00:00:00,64.661,27.83,61.49,2.47,0.0,0,0.0
2026-02-15 01:00:00,61.851,23.02,62.16,2.47,0.0,0,0.0
2026-02-15 02:00:00,65.064,22.75,66.45,3.23,0.0,0,0.0
2026-02-15 03:00:00,63.228,22.01,68.24,2.35,0.0,0,0.0
2026-02-15 04:00:00,62.765,22.2,60.42,2.99,0.0,0,0.0
2026-02-15 05:00:00,66.354,21.01,65.74,3.71,3.83,0,0.0
2026-02-15 06:00:00,63.379,22.5,57.95,2.34,0.0,0,0.0
2026-02-15 07:00:00,72.756,21.56,64.84,3.47,0.0,0,0.0
2026-02-15 08:00:00,69.579,20.88,61.46,3.28,0.0,0,0.0
2026-02-15 09:00:00,69.868,20.59,55.75,3.08,0.0,0,0.0
2026-02-15 10:00:00,74.811,21.29,69.56,2.62,0.0,0,0.0
2026-02-15 11:00:00,70.175,20.42,68.78,1.99,0.0,0,0.0
2026-02-15 12:00:00,66.627,23.31,58.38,1.11,0.0,0,0.0
2026-02-15 13:00:00,69.29,21.91,69.82,1.9,3.25,0,0.0
2026-02-15 14:00:00,68.928,25.28,57.59,1.27,0.0,0,0.0
2026-02-15 15:00:00,71.119,26.74,58.84,0.31,4.85,0,0.0
2026-02-15 16:00:00,77.852,26.53,64.85,0.94,6.01,0,0.0
2026-02-15 17:00:00,73.184,26.9,56.43,0.57,0.0,0,0.0
2026-02-15 18:00:00,82.207,28.23,57.82,0.42,7.43,0,0.0
2026-02-15 19:00:00,82.189,24.71,63.16,0.1,0.0,0,0.0
2026-02-15 20:00:00,82.265,28.64,52.77,1.31,6.09,1,69.3
2026-02-15 21:00:00,71.029,28.01,57.53,0.4,0.0,0,0.0
2026-02-15 22:00:00,72.611,27.68,56.03,1.49,0.0,0,0.0
2026-02-15 23:00:00,66.958,27.96,61.38,1.33,0.0,0,0.0
2026-02-16 00:00:00,70.32,26.21,54.31,1.97,0.0,0,0.0
2026-02-16 01:00:00,66.035,23.97,57.11,3.28,0.0,0,0.0
2026-02-16 02:00:00,70.789,24.13,64.19,3.27,0.0,0,0.0
2026-02-16 03:00:00,64.18,23.35,56.33,3.94,0.0,0,0.0
2026-02-16 04:00:00,71.724,22.44,60.87,3.7,8.44,0,0.0
2026-02-16 05:00:00,69.931,21.67,65.69,3.89,0.0,0,0.0
2026-02-16 06:00:00,83.992,22.09,66.23,2.63,16.52,0,0.0
2026-02-16 07:00:00,76.203,19.14,57.94,3.46,0.0,0,0.0
2026-02-16 08:00:00,79.462,20.51,68.47,3.36,0.0,0,0.0
2026-02-16 09:00:00,82.611,21.99,65.67,3.99,0.0,0,0.0
2026-02-16 10:00:00,76.585,18.76,61.84,2.65,0.0,0,0.0
2026-02-16 11:00:00,76.549,21.69,66.44,2.75,5.74,0,0.0
2026-02-16 12:00:00,72.659,21.6,65.96,2.34,0.0,0,0.0
2026-02-16 13:00:00,73.984,22.82,63.32,2.51,2.82,0,0.0
2026-02-16 14:00:00,68.068,23.22,62.45,1.37,6.64,0,0.0
2026-02-16 15:00:00,75.711,25.13,63.94,1.64,0.0,0,0.0
2026-02-16 16:00:00,81.64,28.51,65.88,0.1,4.49,0,0.0
2026-02-16 17:00:00,81.751,25.61,61.31,0.1,0.0,0,0.0
2026-02-16 18:00:00,81.333,26.36,64.31,0.1,0.0,1,54.6
2026-02-16 19:00:00,85.683,26.6,63.2,1.22,0.0,0,0.0
2026-02-16 20:00:00,83.526,30.38,62.61,1.31,5.52,1,243.9
2026-02-16 21:00:00,88.558,27.61,65.75,1.68,4.06,0,0.0
2026-02-16 22:00:00,79.034,27.74,54.25,1.04,4.65,0,0.0
2026-02-16 23:00:00,69.436,26.65,54.49,1.47,0.0,0,0.0
2026-02-17 00:00:00,69.058,25.19,61.68,2.13,6.31,0,0.0
2026-02-17 01:00:00,71.585,25.08,59.69,3.45,6.18,0,0.0
2026-02-17 02:00:00,68.482,27.27,60.2,3.97,0.0,0,0.0
2026-02-17 03:00:00,66.118,24.96,65.0,3.74,0.0,0,0.0
2026-02-17 04:00:00,67.17,21.3,69.2,3.7,0.0,0,0.0
2026-02-17 05:00:00,69.533,22.27,60.9,4.45,2.29,0,0.0
2026-02-17 06:00:00,70.712,19.86,66.85,3.55,0.0,0,0.0
2026-02-17 07:00:00,72.135,18.33,59.95,3.41,6.49,0,0.0
2026-02-17 08:00:00,76.18,21.55,63.09,3.42,0.0,0,0.0
2026-02-17 09:00:00,73.161,21.85,55.22,2.67,0.0,0,0.0
2026-02-17 10:00:00,78.921,22.11,62.29,2.84,0.0,0,0.0
2026-02-17 11:00:00,77.359,20.93,63.62,1.92,0.0,0,0.0
2026-02-17 12:00:00,72.291,22.12,65.76,2.82,5.03,0,0.0
2026-02-17 13:00:00,70.786,24.19,63.23,2.14,0.0,0,0.0
2026-02-17 14:00:00,71.856,24.79,58.5,2.31,0.0,0,0.0
2026-02-17 15:00:00,76.292,24.89,53.15,0.16,5.89,0,0.0
2026-02-17 16:00:00,78.572,24.38,55.1,2.04,0.0,0,0.0
2026-02-17 17:00:00,87.25,27.29,66.22,0.1,10.45,0,0.0
2026-02-17 18:00:00,88.876,29.08,64.39,0.1,6.99,0,0.0
2026-02-17 19:00:00,89.355,26.75,56.83,0.38,0.0,0,0.0
2026-02-17 20:00:00,86.918,29.09,54.43,1.69,6.96,0,0.0
2026-02-17 21:00:00,79.013,28.59,57.4,1.27,0.0,0,0.0
2026-02-17 22:00:00,76.831,28.69,61.14,1.3,5.63,0,0.0
2026-02-17 23:00:00,79.179,28.2,56.43,1.34,0.0,0,0.0
2026-02-18 00:00:00,68.239,25.51,53.7,1.37,0.0,0,0.0
2026-02-18 01:00:00,67.766,23.44,59.98,3.27,0.0,0,0.0
2026-02-18 02:00:00,68.294,23.7,57.69,3.43,0.0,0,0.0
2026-02-18 03:00:00,68.047,24.38,58.25,4.07,0.0,0,0.0
2026-02-18 04:00:00,68.866,21.69,57.43,3.74,0.0,0,0.0
2026-02-18 05:00:00,70.418,20.68,65.47,2.06,5.31,0,0.0
2026-02-18 06:00:00,74.045,18.69,64.68,2.95,0.0,0,0.0
2026-02-18 07:00:00,72.671,22.58,58.51,3.93,0.0,0,0.0
2026-02-18 08:00:00,74.301,21.34,63.51,3.28,0.61,0,0.0
2026-02-18 09:00:00,72.944,21.4,62.55,2.93,0.0,0,0.0
2026-02-18 10:00:00,77.717,22.04,66.71,2.29,4.37,0,0.0
2026-02-18 11:00:00,80.515,22.21,69.01,3.16,6.24,0,0.0
2026-02-18 12:00:00,71.254,22.05,56.73,2.47,0.0,0,0.0
2026-02-18 13:00:00,69.377,23.11,67.39,2.11,0.0,0,0.0
2026-02-18 14:00:00,74.053,23.83,64.27,1.07,0.0,0,0.0
2026-02-18 15:00:00,75.345,28.54,61.26,1.25,2.92,0,0.0
2026-02-18 16:00:00,85.184,27.01,57.41,0.1,8.85,0,0.0
2026-02-18 17:00:00,84.642,26.62,57.19,0.67,0.0,0,0.0
2026-02-18 18:00:00,82.763,28.37,51.06,0.1,5.66,0,0.0
2026-02-18 19:00:00,86.074,27.0,66.54,0.1,0.0,0,0.0
2026-02-18 20:00:00,84.825,30.15,59.01,0.71,4.55,0,0.0
2026-02-18 21:00:00,81.718,27.41,57.59,2.56,8.39,0,0.0
2026-02-18 22:00:00,80.12,28.41,59.11,0.37,4.41,0,0.0
2026-02-18 23:00:00,78.22,28.45,51.54,1.07,5.02,0,0.0
2026-02-19 00:00:00,69.968,26.83,54.51,2.33,9.56,0,0.0
2026-02-19 01:00:00,66.562,25.51,62.04,3.65,0.0,0,0.0
2026-02-19 02:00:00,62.14,24.38,61.09,3.07,0.0,0,0.0
2026-02-19 03:00:00,67.924,23.26,65.85,3.68,4.53,0,0.0
2026-02-19 04:00:00,69.927,21.67,64.88,3.3,0.0,0,0.0
2026-02-19 05:00:00,68.317,21.0,64.42,3.34,6.46,0,0.0
2026-02-19 06:00:00,75.547,22.68,66.62,3.75,0.0,0,0.0
2026-02-19 07:00:00,71.977,20.37,56.8,3.25,0.0,0,0.0
2026-02-19 08:00:00,76.858,19.42,66.71,3.93,0.0,0,0.0
2026-02-19 09:00:00,76.348,19.88,66.8,2.3,0.0,0,0.0
2026-02-19 10:00:00,77.031,22.22,58.79,3.48,12.36,0,0.0
2026-02-19 11:00:00,77.414,22.35,57.53,2.61,6.47,0,0.0
2026-02-19 12:00:00,71.168,23.04,57.39,2.07,0.0,0,0.0
2026-02-19 13:00:00,69.723,23.02,57.16,0.83,0.0,0,0.0
2026-02-19 14:00:00,67.298,25.05,60.82,0.86,0.0,0,0.0
2026-02-19 15:00:00,78.072,24.63,55.26,1.86,0.0,0,0.0
2026-02-19 16:00:00,79.262,26.05,62.26,0.78,0.85,0,0.0
2026-02-19 17:00:00,84.595,28.36,52.56,0.92,0.0,0,0.0
2026-02-19 18:00:00,85.909,28.88,51.08,0.17,0.0,0,0.0
2026-02-19 19:00:00,89.381,27.05,56.56,0.73,3.57,0,0.0
2026-02-19 20:00:00,83.698,27.34,54.47,0.1,2.32,0,0.0
2026-02-19 21:00:00,79.685,28.36,65.81,1.2,0.0,0,0.0
2026-02-19 22:00:00,83.019,29.9,54.6,1.67,7.79,0,0.0
2026-02-19 23:00:00,74.863,24.89,56.39,2.0,0.0,0,0.0
2026-02-20 00:00:00,66.183,26.72,54.92,1.66,0.0,0,0.0
2026-02-20 01:00:00,69.147,23.77,59.35,2.38,0.0,0,0.0
2026-02-20 02:00:00,68.495,23.62,62.91,3.27,0.0,0,0.0
2026-02-20 03:00:00,69.798,22.91,65.98,3.13,0.0,0,0.0
2026-02-20 04:00:00,65.597,21.88,60.34,3.33,0.0,0,0.0
2026-02-20 05:00:00,72.226,20.92,64.84,4.79,0.0,0,0.0
2026-02-20 06:00:00,74.977,20.93,62.67,3.13,11.12,0,0.0
2026-02-20 07:00:00,77.279,19.88,68.77,4.3,0.0,0,0.0
2026-02-20 08:00:00,79.68,18.63,65.36,2.81,3.8,0,0.0
2026-02-20 09:00:00,80.577,21.46,59.47,3.65,6.48,0,0.0
2026-02-20 10:00:00,76.604,21.82,65.46,3.37,0.0,0,0.0
2026-02-20 11:00:00,79.67,22.57,66.76,2.28,8.46,0,0.0
2026-02-20 12:00:00,76.236,20.54,62.66,1.47,2.32,0,0.0
2026-02-20 13:00:00,75.318,23.71,68.58,0.63,2.36,0,0.0
2026-02-20 14:00:00,74.317,25.2,66.07,1.08,0.0,0,0.0
2026-02-20 15:00:00,76.655,24.18,56.44,1.46,0.0,0,0.0
2026-02-20 16:00:00,79.462,26.4,63.96,0.25,5.1,1,109.7
2026-02-20 17:00:00,86.226,27.07,60.77,0.81,0.0,0,0.0
2026-02-20 18:00:00,85.647,30.06,57.99,0.1,15.22,0,0.0
2026-02-20 19:00:00,86.364,30.56,57.37,0.61,0.0,0,0.0
2026-02-20 20:00:00,85.794,26.39,64.97,0.21,4.99,0,0.0
2026-02-20 21:00:00,81.315,31.24,58.42,1.09,0.0,0,0.0
2026-02-20 22:00:00,79.536,26.75,60.02,1.15,0.0,0,0.0
2026-02-20 23:00:00,71.905,28.39,51.7,1.1,0.0,0,0.0
2026-02-21 00:00:00,67.73,27.57,58.18,1.8,0.0,0,0.0
2026-02-21 01:00:00,60.208,24.24,67.07,2.03,3.06,0,0.0
2026-02-21 02:00:00,60.192,25.0,63.68,2.16,0.0,0,0.0
2026-02-21 03:00:00,59.051,23.24,54.82,3.91,0.0,0,0.0
2026-02-21 04:00:00,64.093,23.07,67.42,3.28,0.0,0,0.0
2026-02-21 05:00:00,67.253,21.85,67.29,2.33,0.0,0,0.0
2026-02-21 06:00:00,69.493,22.38,62.77,3.33,5.77,0,0.0
2026-02-21 07:00:00,72.286,20.63,55.96,4.2,2.21,0,0.0
2026-02-21 08:00:00,70.203,20.2,64.31,3.04,4.84,0,0.0
2026-02-21 09:00:00,72.782,21.86,55.71,4.16,0.0,0,0.0
2026-02-21 10:00:00,70.047,21.64,59.82,2.44,0.0,0,0.0
2026-02-21 11:00:00,72.374,22.45,63.96,2.89,7.41,0,0.0
2026-02-21 12:00:00,70.856,21.61,68.73,2.82,0.0,0,0.0
2026-02-21 13:00:00,62.25,22.11,60.1,2.08,0.0,0,0.0
2026-02-21 14:00:00,76.732,23.72,66.67,0.63,12.09,0,0.0
2026-02-21 15:00:00,70.178,24.69,66.96,0.57,0.0,0,0.0
2026-02-21 16:00:00,68.717,27.35,51.91,1.6,0.0,0,0.0
2026-02-21 17:00:00,76.753,28.4,54.55,0.27,6.35,0,0.0
2026-02-21 18:00:00,80.039,27.68,62.04,1.29,0.0,0,0.0
2026-02-21 19:00:00,80.288,29.99,61.36,0.49,3.08,0,0.0
2026-02-21 20:00:00,77.515,30.05,55.86,0.99,10.17,0,0.0
2026-02-21 21:00:00,77.428,28.56,60.72,0.31,0.0,0,0.0
2026-02-21 22:00:00,71.618,26.88,61.05,1.09,0.0,0,0.0
2026-02-21 23:00:00,71.993,29.12,61.62,1.29,0.0,0,0.0
2026-02-22 00:00:00,62.664,26.35,62.97,2.34,9.02,0,0.0
2026-02-22 01:00:00,67.276,25.61,53.92,2.64,0.0,0,0.0
2026-02-22 02:00:00,62.927,24.02,55.96,3.23,0.0,0,0.0
2026-02-22 03:00:00,62.191,22.32,56.6,2.97,0.0,0,0.0
2026-02-22 04:00:00,64.959,20.66,69.59,2.94,0.0,0,0.0
2026-02-22 05:00:00,60.375,22.35,68.29,3.76,0.0,0,0.0
2026-02-22 06:00:00,65.318,20.02,67.95,3.08,0.0,0,0.0
2026-02-22 07:00:00,72.995,24.23,55.21,4.3,0.0,0,0.0
2026-02-22 08:00:00,69.928,19.12,65.14,3.43,0.0,0,0.0
2026-02-22 09:00:00,70.861,19.05,59.38,3.06,0.0,0,0.0
2026-02-22 10:00:00,69.725,21.57,60.58,3.23,0.0,0,0.0
2026-02-22 11:00:00,72.836,23.43,57.95,2.54,0.0,0,0.0
2026-02-22 12:00:00,68.33,22.5,66.93,1.21,2.85,0,0.0
2026-02-22 13:00:00,65.803,24.08,55.72,1.17,8.38,0,0.0
2026-02-22 14:00:00,75.192,22.21,64.37,2.08,3.66,0,0.0
2026-02-22 15:00:00,67.217,24.65,67.97,1.19,0.0,0,0.0
2026-02-22 16:00:00,75.037,25.14,63.22,0.1,5.97,0,0.0
2026-02-22 17:00:00,76.102,24.98,54.2,0.96,7.52,0,0.0
2026-02-22 18:00:00,78.389,28.03,64.8,0.36,0.0,0,0.0
2026-02-22 19:00:00,79.552,25.6,62.29,0.23,5.94,0,0.0
2026-02-22 20:00:00,77.964,26.84,58.74,0.21,0.0,0,0.0
2026-02-22 21:00:00,79.562,27.64,61.31,1.74,0.0,0,0.0
2026-02-22 22:00:00,73.129,26.89,65.05,0.27,13.46,0,0.0
2026-02-22 23:00:00,76.896,27.73,58.52,1.31,13.06,0,0.0
2026-02-23 00:00:00,70.647,26.81,59.88,2.27,0.0,0,0.0
2026-02-23 01:00:00,69.079,26.55,58.86,3.54,0.0,0,0.0
2026-02-23 02:00:00,67.511,25.35,53.88,3.28,0.0,0,0.0
2026-02-23 03:00:00,70.66,24.78,64.94,2.75,4.91,0,0.0
2026-02-23 04:00:00,71.485,22.44,56.43,4.42,0.0,0,0.0
2026-02-23 05:00:00,65.261,21.98,60.73,2.84,0.0,0,0.0
2026-02-23 06:00:00,73.472,21.59,60.85,3.86,0.0,0,0.0
2026-02-23 07:00:00,72.02,20.75,59.75,3.94,0.0,0,0.0
2026-02-23 08:00:00,78.157,19.97,62.06,2.97,0.0,0,0.0
2026-02-23 09:00:00,75.787,20.18,65.16,3.68,0.0,0,0.0
2026-02-23 10:00:00,77.905,20.0,60.67,2.64,0.0,0,0.0
2026-02-23 11:00:00,70.525,22.12,57.32,3.01,0.0,0,0.0
2026-02-23 12:00:00,69.416,22.33,67.64,1.1,0.0,0,0.0
2026-02-23 13:00:00,72.719,22.61,69.0,2.01,0.0,0,0.0
2026-02-23 14:00:00,76.647,23.65,60.69,1.2,0.0,0,0.0
2026-02-23 15:00:00,76.456,24.03,58.49,1.83,0.0,0,0.0
2026-02-23 16:00:00,79.67,27.62,52.14,0.87,0.0,0,0.0
2026-02-23 17:00:00,85.217,27.37,52.13,1.5,4.58,0,0.0
2026-02-23 18:00:00,83.76,26.87,57.77,1.0,0.0,0,0.0
2026-02-23 19:00:00,88.34,29.28,64.39,0.67,0.0,0,0.0
2026-02-23 20:00:00,85.367,27.77,62.3,1.37,4.86,1,56.1
2026-02-23 21:00:00,81.249,26.62,57.27,1.62,0.0,0,0.0
2026-02-23 22:00:00,80.586,29.13,65.04,1.73,4.31,0,0.0
2026-02-23 23:00:00,73.777,26.63,58.46,0.44,0.0,0,0.0
2026-02-24 00:00:00,68.804,25.97,56.57,1.61,5.02,0,0.0
2026-02-24 01:00:00,70.295,25.55,59.07,3.42,10.88,0,0.0
2026-02-24 02:00:00,66.328,25.83,55.67,2.2,2.05,0,0.0
2026-02-24 03:00:00,68.153,23.45,67.21,3.79,0.0,0,0.0
2026-02-24 04:00:00,68.517,21.02,60.8,3.92,0.0,0,0.0
2026-02-24 05:00:00,68.345,22.28,64.5,3.21,3.39,0,0.0
2026-02-24 06:00:00,72.58,20.41,61.59,2.5,0.0,0,0.0
2026-02-24 07:00:00,73.858,22.86,67.81,3.31,0.0,0,0.0
2026-02-24 08:00:00,81.007,20.46,65.36,4.75,13.26,0,0.0
2026-02-24 09:00:00,78.457,17.92,64.57,2.74,10.82,0,0.0
2026-02-24 10:00:00,79.484,21.43,57.13,2.47,2.66,0,0.0
2026-02-24 11:00:00,80.045,23.97,67.15,1.99,6.41,0,0.0
2026-02-24 12:00:00,73.035,24.35,61.59,2.93,7.44,0,0.0
2026-02-24 13:00:00,73.667,25.62,56.9,1.67,0.0,0,0.0
2026-02-24 14:00:00,77.274,23.24,67.23,1.07,0.0,0,0.0
2026-02-24 15:00:00,72.665,26.59,52.86,1.99,0.0,0,0.0
2026-02-24 16:00:00,76.353,25.59,57.35,1.25,0.0,0,0.0
2026-02-24 17:00:00,84.325,27.56,59.52,0.2,0.0,0,0.0
2026-02-24 18:00:00,83.578,26.4,57.26,0.1,7.36,1,127.9
2026-02-24 19:00:00,84.831,27.55,58.62,1.45,2.76,0,0.0
2026-02-24 20:00:00,82.128,27.65,55.38,0.91,0.0,0,0.0
2026-02-24 21:00:00,84.921,29.4,52.31,0.21,3.31,0,0.0
2026-02-24 22:00:00,78.38,28.89,51.22,0.38,5.83,0,0.0
2026-02-24 23:00:00,74.163,27.62,53.79,1.14,0.0,0,0.0
2026-02-25 00:00:00,68.8,24.86,67.38,1.46,7.69,0,0.0
2026-02-25 01:00:00,73.599,25.14,61.55,1.36,9.55,0,0.0
2026-02-25 02:00:00,65.5,23.58,61.18,2.29,0.0,0,0.0
2026-02-25 03:00:00,67.15,24.49,59.07,2.71,9.24,0,0.0
2026-02-25 04:00:00,65.397,23.89,64.29,3.22,0.0,0,0.0
2026-02-25 05:00:00,73.166,22.92,56.37,4.66,6.78,0,0.0
2026-02-25 06:00:00,73.265,20.11,60.08,3.54,0.0,0,0.0
2026-02-25 07:00:00,77.2,17.33,67.44,3.55,0.0,0,0.0
2026-02-25 08:00:00,72.902,18.36,64.17,3.8,0.0,0,0.0
2026-02-25 09:00:00,77.268,22.32,66.16,3.12,0.0,0,0.0
2026-02-25 10:00:00,84.949,20.53,69.14,3.19,5.87,0,0.0
2026-02-25 11:00:00,74.493,20.75,67.9,2.76,0.0,0,0.0
2026-02-25 12:00:00,71.506,24.45,56.09,2.27,0.0,0,0.0
2026-02-25 13:00:00,73.699,24.96,54.4,3.47,5.82,0,0.0
2026-02-25 14:00:00,76.111,24.51,55.84,2.0,6.73,0,0.0
2026-02-25 15:00:00,77.26,25.16,64.66,0.49,0.0,0,0.0
2026-02-25 16:00:00,77.996,26.32,65.92,1.12,0.0,0,0.0
2026-02-25 17:00:00,81.63,27.58,65.33,0.28,0.0,0,0.0
2026-02-25 18:00:00,84.269,29.86,54.56,0.97,0.0,0,0.0
2026-02-25 19:00:00,84.842,28.85,63.3,0.1,0.0,0,0.0
2026-02-25 20:00:00,82.21,29.35,58.43,0.24,0.0,0,0.0
2026-02-25 21:00:00,87.68,29.75,62.49,1.35,0.0,0,0.0
2026-02-25 22:00:00,79.607,26.54,60.3,2.05,5.85,1,70.0
2026-02-25 23:00:00,74.072,28.21,53.26,2.11,0.0,0,0.0
2026-02-26 00:00:00,71.043,26.14,53.5,2.71,15.38,0,0.0
2026-02-26 01:00:00,67.937,22.51,68.85,2.81,0.0,0,0.0
2026-02-26 02:00:00,68.463,21.94,61.22,3.05,0.0,0,0.0
2026-02-26 03:00:00,66.433,22.24,59.91,2.96,0.0,0,0.0
2026-02-26 04:00:00,72.165,23.13,59.46,3.99,3.01,0,0.0
2026-02-26 05:00:00,71.136,21.8,60.6,4.26,0.0,0,0.0
2026-02-26 06:00:00,78.333,21.25,69.42,3.66,21.0,0,0.0
2026-02-26 07:00:00,75.391,22.97,55.16,3.58,10.57,0,0.0
2026-02-26 08:00:00,78.32,18.97,58.4,4.45,0.0,0,0.0
2026-02-26 09:00:00,77.283,20.6,67.49,3.25,0.0,0,0.0
2026-02-26 10:00:00,73.616,21.4,63.4,3.0,0.0,0,0.0
2026-02-26 11:00:00,77.506,20.78,57.46,2.88,2.41,0,0.0
2026-02-26 12:00:00,70.663,22.53,55.0,2.14,0.0,0,0.0
2026-02-26 13:00:00,73.984,21.54,58.44,1.32,0.0,0,0.0
2026-02-26 14:00:00,70.512,26.19,56.2,1.68,12.24,0,0.0
2026-02-26 15:00:00,73.867,24.71,53.39,1.12,0.0,0,0.0
2026-02-26 16:00:00,82.641,28.93,53.88,2.01,3.08,0,0.0
2026-02-26 17:00:00,85.31,27.29,62.7,1.22,8.34,0,0.0
2026-02-26 18:00:00,87.28,29.19,63.32,0.34,0.0,0,0.0
2026-02-26 19:00:00,84.452,28.3,64.5,1.19,0.0,0,0.0
2026-02-26 20:00:00,85.859,28.46,56.77,1.09,0.0,0,0.0
2026-02-26 21:00:00,83.068,27.66,56.2,1.92,2.95,0,0.0
2026-02-26 22:00:00,83.529,28.1,66.14,1.14,10.56,0,0.0
2026-02-26 23:00:00,80.939,27.71,62.92,1.92,0.0,0,0.0
2026-02-27 00:00:00,71.126,25.57,60.72,2.14,0.0,0,0.0
2026-02-27 01:00:00,69.43,25.4,56.58,2.62,0.0,0,0.0
2026-02-27 02:00:00,70.523,23.78,58.55,2.42,3.51,0,0.0
2026-02-27 03:00:00,66.069,26.24,59.99,3.61,0.0,0,0.0
2026-02-27 04:00:00,67.447,22.41,62.69,3.75,0.0,0,0.0
2026-02-27 05:00:00,66.62,23.54,54.08,4.42,3.77,0,0.0
2026-02-27 06:00:00,69.822,20.81,69.9,3.69,1.66,0,0.0
2026-02-27 07:00:00,74.015,20.96,64.06,3.4,6.0,0,0.0
2026-02-27 08:00:00,80.281,18.93,65.48,3.97,13.43,0,0.0
2026-02-27 09:00:00,75.774,20.11,59.1,2.78,6.85,0,0.0
2026-02-27 10:00:00,78.481,21.3,66.69,3.6,5.09,0,0.0
2026-02-27 11:00:00,76.596,23.59,64.91,3.24,4.94,0,0.0
2026-02-27 12:00:00,69.783,22.78,55.76,2.95,0.0,0,0.0
2026-02-27 13:00:00,76.634,25.14,61.84,2.04,0.0,0,0.0
2026-02-27 14:00:00,70.321,25.28,62.7,1.16,0.0,0,0.0
2026-02-27 15:00:00,79.167,27.5,64.03,1.2,0.0,0,0.0
2026-02-27 16:00:00,75.804,26.44,55.23,1.13,9.72,1,55.5
2026-02-27 17:00:00,83.019,30.21,63.04,0.42,0.0,0,0.0
2026-02-27 18:00:00,82.003,27.39,58.49,1.5,0.0,0,0.0
2026-02-27 19:00:00,83.786,27.46,52.97,1.1,0.0,0,0.0
2026-02-27 20:00:00,91.127,27.06,53.35,0.37,7.29,0,0.0
2026-02-27 21:00:00,85.925,31.17,52.26,2.27,14.53,0,0.0
2026-02-27 22:00:00,76.037,28.96,54.86,1.51,0.0,0,0.0
2026-02-27 23:00:00,79.774,26.94,59.28,1.16,10.65,0,0.0
2026-02-28 00:00:00,63.109,28.03,62.41,1.7,3.34,0,0.0
2026-02-28 01:00:00,63.467,26.39,54.97,3.48,3.68,0,0.0
2026-02-28 02:00:00,61.071,26.89,66.76,4.04,0.0,0,0.0
2026-02-28 03:00:00,59.615,21.64,57.44,3.87,0.0,0,0.0
2026-02-28 04:00:00,62.876,22.21,63.66,4.29,5.46,0,0.0
2026-02-28 05:00:00,66.921,21.15,69.25,4.38,0.0,0,0.0
2026-02-28 06:00:00,66.005,18.7,69.27,4.03,0.0,0,0.0
2026-02-28 07:00:00,67.301,21.94,64.56,3.85,2.48,0,0.0
2026-02-28 08:00:00,71.592,20.21,66.61,3.82,0.0,0,0.0
2026-02-28 09:00:00,74.038,21.55,57.08,3.7,8.28,0,0.0
2026-02-28 10:00:00,72.184,23.9,53.81,2.51,0.0,0,0.0
2026-02-28 11:00:00,68.08,21.28,61.75,3.03,0.0,0,0.0
2026-02-28 12:00:00,66.844,22.02,56.13,3.08,0.0,0,0.0
2026-02-28 13:00:00,67.856,23.64,59.18,1.69,0.0,0,0.0
2026-02-28 14:00:00,65.545,25.71,55.93,1.26,1.72,0,0.0
2026-02-28 15:00:00,72.915,24.88,66.81,1.43,0.0,0,0.0
2026-02-28 16:00:00,74.013,25.77,65.74,0.51,0.0,0,0.0
2026-02-28 17:00:00,74.863,28.63,63.11,0.1,0.0,0,0.0
2026-02-28 18:00:00,77.249,28.45,61.64,1.39,0.0,0,0.0
2026-02-28 19:00:00,83.106,25.94,54.75,0.48,11.7,0,0.0
2026-02-28 20:00:00,79.754,27.06,52.49,0.91,7.61,1,50.0
2026-02-28 21:00:00,80.611,30.19,59.69,0.77,4.02,1,86.4
2026-02-28 22:00:00,73.081,28.48,60.55,2.22,0.0,0,0.0
2026-02-28 23:00:00,70.385,26.44,57.68,2.32,0.0,0,0.0
2026-03-01 00:00:00,60.275,26.34,59.29,2.06,0.0,0,0.0
2026-03-01 01:00:00,65.035,25.6,59.98,1.88,9.1,0,0.0
2026-03-01 02:00:00,67.589,25.43,56.34,2.74,7.43,0,0.0
2026-03-01 03:00:00,62.444,21.88,59.58,3.6,2.53,0,0.0
2026-03-01 04:00:00,61.489,21.54,61.35,3.61,0.0,0,0.0
2026-03-01 05:00:00,62.402,22.04,63.82,3.71,0.0,0,0.0
2026-03-01 06:00:00,67.0,20.96,69.76,3.83,0.0,0,0.0
2026-03-01 07:00:00,72.485,21.37,63.26,4.1,0.0,0,0.0
2026-03-01 08:00:00,67.684,19.07,67.53,3.47,0.0,0,0.0
2026-03-01 09:00:00,74.649,21.11,67.44,3.53,8.14,0,0.0
2026-03-01 10:00:00,72.743,22.39,56.27,2.36,20.95,0,0.0
2026-03-01 11:00:00,70.417,22.3,64.42,4.12,5.63,0,0.0
2026-03-01 12:00:00,69.265,22.71,61.6,2.03,2.94,0,0.0
2026-03-01 13:00:00,63.162,23.4,62.55,1.93,0.0,0,0.0
2026-03-01 14:00:00,68.139,23.54,54.45,1.79,7.4,0,0.0
2026-03-01 15:00:00,71.502,25.49,66.3,0.89,0.0,0,0.0
2026-03-01 16:00:00,74.701,28.06,65.46,0.91,0.0,0,0.0
2026-03-01 17:00:00,77.09,27.23,51.71,0.75,0.0,1,49.8
2026-03-01 18:00:00,76.669,26.94,55.03,0.15,0.0,0,0.0
2026-03-01 19:00:00,83.043,27.82,54.01,1.01,7.3,0,0.0
2026-03-01 20:00:00,78.671,28.79,62.45,0.1,0.0,0,0.0
2026-03-01 21:00:00,81.345,27.96,60.19,2.19,7.92,0,0.0
2026-03-01 22:00:00,67.356,28.59,53.5,1.93,0.0,1,79.0
2026-03-01 23:00:00,69.775,28.0,63.41,2.2,0.0,0,0.0
2026-03-02 00:00:00,71.528,27.63,56.73,1.16,11.3,0,0.0
2026-03-02 01:00:00,72.766,27.3,58.53,2.11,4.5,0,0.0
2026-03-02 02:00:00,68.066,25.76,58.36,3.78,0.0,0,0.0
2026-03-02 03:00:00,68.416,22.41,62.38,5.75,0.0,0,0.0
2026-03-02 04:00:00,69.413,21.48,62.32,4.22,0.0,0,0.0
2026-03-02 05:00:00,72.67,21.64,59.13,4.27,0.0,0,0.0
2026-03-02 06:00:00,70.764,20.56,62.03,4.01,0.0,0,0.0
2026-03-02 07:00:00,71.282,19.33,70.03,3.14,0.0,0,0.0
2026-03-02 08:00:00,73.322,20.03,63.52,4.1,3.08,0,0.0
2026-03-02 09:00:00,79.555,20.13,69.67,2.6,0.0,0,0.0
2026-03-02 10:00:00,77.222,20.29,64.08,2.22,0.0,0,0.0
2026-03-02 11:00:00,74.69,21.35,66.72,1.82,0.0,0,0.0
2026-03-02 12:00:00,71.649,23.98,58.02,2.79,0.0,0,0.0
2026-03-02 13:00:00,73.454,23.77,65.6,1.78,0.0,1,122.6
2026-03-02 14:00:00,73.889,27.53,55.45,1.51,0.0,0,0.0
2026-03-02 15:00:00,76.199,25.8,52.81,1.13,0.0,1,76.9
2026-03-02 16:00:00,77.183,26.21,54.68,0.23,4.91,0,0.0
2026-03-02 17:00:00,77.396,27.39,51.89,0.35,0.0,0,0.0
2026-03-02 18:00:00,84.618,28.33,65.21,0.33,3.37,0,0.0
2026-03-02 19:00:00,83.632,28.95,65.63,0.1,0.0,0,0.0
2026-03-02 20:00:00,83.728,31.05,60.8,0.6,4.34,0,0.0
2026-03-02 21:00:00,85.824,27.41,53.18,0.49,0.0,0,0.0
2026-03-02 22:00:00,74.12,29.06,64.05,1.8,0.0,0,0.0
2026-03-02 23:00:00,77.819,27.64,62.57,2.21,2.59,0,0.0
2026-03-03 00:00:00,69.789,24.69,58.17,1.42,0.0,0,0.0
2026-03-03 01:00:00,70.497,26.54,59.61,2.41,0.0,0,0.0
2026-03-03 02:00:00,72.018,26.1,62.27,4.06,10.02,0,0.0
2026-03-03 03:00:00,70.529,22.51,54.85,2.67,0.0,0,0.0
2026-03-03 04:00:00,73.112,22.57,61.98,3.76,0.0,0,0.0
2026-03-03 05:00:00,69.25,19.68,67.18,3.71,0.0,0,0.0
2026-03-03 06:00:00,72.385,19.6,59.06,4.36,0.0,0,0.0
2026-03-03 07:00:00,78.129,21.97,61.47,3.83,1.71,1,235.7
2026-03-03 08:00:00,76.816,20.02,63.98,3.24,8.43,0,0.0
2026-03-03 09:00:00,77.581,19.38,67.4,3.3,2.14,0,0.0
2026-03-03 10:00:00,75.869,21.39,69.63,3.0,0.0,0,0.0
2026-03-03 11:00:00,77.849,21.12,68.05,2.53,4.19,0,0.0
2026-03-03 12:00:00,68.642,22.01,64.12,1.41,0.0,0,0.0
2026-03-03 13:00:00,76.38,24.43,62.1,2.56,0.0,0,0.0
2026-03-03 14:00:00,75.953,23.18,63.14,2.09,4.17,0,0.0
2026-03-03 15:00:00,77.127,24.53,61.46,0.51,0.0,0,0.0
2026-03-03 16:00:00,72.504,26.76,52.83,0.72,0.0,0,0.0
2026-03-03 17:00:00,82.723,28.57,61.33,0.62,7.81,1,72.6
2026-03-03 18:00:00,90.591,29.53,61.03,0.1,3.86,0,0.0
2026-03-03 19:00:00,87.677,27.64,59.1,0.1,6.6,0,0.0
2026-03-03 20:00:00,81.639,29.7,63.23,0.5,0.0,0,0.0
2026-03-03 21:00:00,86.135,27.5,61.59,0.93,9.36,0,0.0
2026-03-03 22:00:00,80.839,30.23,55.3,0.59,0.0,0,0.0
2026-03-03 23:00:00,75.935,26.04,52.67,1.92,0.0,0,0.0
2026-03-04 00:00:00,69.015,28.19,51.98,2.9,6.14,0,0.0
2026-03-04 01:00:00,70.454,24.84,58.37,3.09,0.0,0,0.0
2026-03-04 02:00:00,66.389,27.01,58.73,2.87,0.0,0,0.0
2026-03-04 03:00:00,72.926,24.27,55.94,2.16,13.02,1,161.8
2026-03-04 04:00:00,68.396,21.37,58.02,3.93,0.0,0,0.0
2026-03-04 05:00:00,71.372,21.14,58.77,3.74,7.54,0,0.0
2026-03-04 06:00:00,71.519,22.06,66.47,3.95,0.0,0,0.0
2026-03-04 07:00:00,76.724,21.99,66.37,4.81,8.82,0,0.0
2026-03-04 08:00:00,76.374,20.51,61.44,3.0,0.0,0,0.0
2026-03-04 09:00:00,76.158,20.78,58.12,1.54,0.0,0,0.0
2026-03-04 10:00:00,78.08,22.04,56.44,2.32,0.0,0,0.0
2026-03-04 11:00:00,73.07,21.92,56.15,2.88,0.0,0,0.0
2026-03-04 12:00:00,78.044,21.04,61.25,2.22,3.94,0,0.0
2026-03-04 13:00:00,70.324,22.58,55.13,1.08,0.0,0,0.0
2026-03-04 14:00:00,75.764,24.87,58.08,0.6,0.93,0,0.0
2026-03-04 15:00:00,80.975,27.09,66.17,0.93,6.56,0,0.0
2026-03-04 16:00:00,83.733,28.53,58.49,0.15,13.35,1,129.3
2026-03-04 17:00:00,83.349,28.36,63.33,1.06,0.0,0,0.0
2026-03-04 18:00:00,82.884,28.4,52.9,0.45,0.0,0,0.0
2026-03-04 19:00:00,86.461,29.35,54.41,0.37,5.86,0,0.0
2026-03-04 20:00:00,86.4,27.79,65.52,0.45,0.0,0,0.0
2026-03-04 21:00:00,82.336,28.27,56.79,1.3,0.0,0,0.0
2026-03-04 22:00:00,84.887,27.07,61.49,1.48,9.08,0,0.0
2026-03-04 23:00:00,74.906,25.92,67.09,1.93,0.0,0,0.0
2026-03-05 00:00:00,67.175,27.01,60.06,2.31,0.0,0,0.0
2026-03-05 01:00:00,63.522,25.86,57.06,2.54,0.0,0,0.0
2026-03-05 02:00:00,69.685,25.43,60.72,2.33,0.0,0,0.0
2026-03-05 03:00:00,68.895,24.23,54.28,2.82,0.0,0,0.0
2026-03-05 04:00:00,72.458,22.9,55.95,3.26,6.25,0,0.0
2026-03-05 05:00:00,71.866,22.45,54.64,4.89,0.0,0,0.0
2026-03-05 06:00:00,80.366,21.09,68.61,2.89,19.58,0,0.0
2026-03-05 07:00:00,77.69,21.24,65.33,3.4,3.0,0,0.0
2026-03-05 08:00:00,79.784,19.73,60.63,3.56,7.23,0,0.0
2026-03-05 09:00:00,78.938,21.19,58.61,3.08,0.0,0,0.0
2026-03-05 10:00:00,72.505,21.94,65.08,3.59,0.0,0,0.0
2026-03-05 11:00:00,72.811,20.97,69.21,2.4,0.0,0,0.0
2026-03-05 12:00:00,70.325,22.67,58.89,2.06,1.56,0,0.0
2026-03-05 13:00:00,75.41,22.82,59.13,2.3,0.0,0,0.0
2026-03-05 14:00:00,72.334,23.97,66.43,2.54,1.4,1,179.8
2026-03-05 15:00:00,78.07,24.29,66.83,1.98,11.49,0,0.0
2026-03-05 16:00:00,81.828,28.12,64.84,0.82,6.4,0,0.0
2026-03-05 17:00:00,79.312,28.71,55.17,0.72,0.0,0,0.0
2026-03-05 18:00:00,85.698,28.71,52.58,0.73,0.0,0,0.0
2026-03-05 19:00:00,81.12,30.84,56.1,0.84,0.0,0,0.0
2026-03-05 20:00:00,82.017,28.38,55.41,0.39,0.0,0,0.0
2026-03-05 21:00:00,84.173,32.11,61.99,1.7,0.0,0,0.0
2026-03-05 22:00:00,75.288,27.8,51.87,1.57,0.0,0,0.0
2026-03-05 23:00:00,79.011,27.74,60.86,1.78,0.0,0,0.0
2026-03-06 00:00:00,68.72,26.14,65.91,1.44,0.0,0,0.0
2026-03-06 01:00:00,71.565,26.1,66.99,2.63,0.0,0,0.0
2026-03-06 02:00:00,69.186,25.62,62.38,1.81,0.0,0,0.0
2026-03-06 03:00:00,68.747,23.45,68.18,2.91,0.0,0,0.0
2026-03-06 04:00:00,65.833,24.75,54.28,3.16,0.0,0,0.0
2026-03-06 05:00:00,72.104,22.08,60.14,3.82,0.0,0,0.0
2026-03-06 06:00:00,75.854,21.48,55.24,4.83,11.6,0,0.0
2026-03-06 07:00:00,80.215,19.66,70.92,3.99,0.0,0,0.0
2026-03-06 08:00:00,79.249,21.12,68.87,4.37,0.0,0,0.0
2026-03-06 09:00:00,75.689,20.59,56.06,3.65,0.0,0,0.0
2026-03-06 10:00:00,76.67,20.43,56.02,3.63,0.0,0,0.0
2026-03-06 11:00:00,76.983,20.86,60.99,3.7,3.98,0,0.0
2026-03-06 12:00:00,76.255,25.83,56.38,1.76,0.0,0,0.0
2026-03-06 13:00:00,76.396,23.27,66.74,1.33,0.0,0,0.0
2026-03-06 14:00:00,74.243,22.87,56.68,1.85,6.44,0,0.0
2026-03-06 15:00:00,73.064,24.82,64.97,1.14,0.0,0,0.0
2026-03-06 16:00:00,76.56,26.56,60.38,1.03,6.72,0,0.0
2026-03-06 17:00:00,79.641,28.1,56.8,0.6,0.0,0,0.0
2026-03-06 18:00:00,83.324,28.75,52.94,0.34,0.0,0,0.0
2026-03-06 19:00:00,90.874,29.29,65.39,1.72,0.0,0,0.0
2026-03-06 20:00:00,97.247,27.85,60.56,0.24,26.84,0,0.0
2026-03-06 21:00:00,86.08,28.89,57.26,1.55,3.47,0,0.0
2026-03-06 22:00:00,82.477,27.03,57.35,1.76,1.94,0,0.0
2026-03-06 23:00:00,74.294,26.7,65.56,0.86,0.0,0,0.0
2026-03-07 00:00:00,59.13,25.53,65.0,1.7,0.0,0,0.0
2026-03-07 01:00:00,60.262,24.24,65.62,2.19,0.0,0,0.0
2026-03-07 02:00:00,57.703,25.91,61.7,3.29,0.0,0,0.0
2026-03-07 03:00:00,61.652,24.42,66.67,3.04,3.73,0,0.0
2026-03-07 04:00:00,64.47,23.8,58.21,3.45,8.91,0,0.0
2026-03-07 05:00:00,65.202,21.85,65.44,2.77,0.0,0,0.0
2026-03-07 06:00:00,66.791,22.1,60.81,5.1,0.0,0,0.0
2026-03-07 07:00:00,71.222,18.66,65.81,3.69,13.74,0,0.0
2026-03-07 08:00:00,73.324,21.67,69.97,3.8,0.0,0,0.0
2026-03-07 09:00:00,71.002,20.98,70.18,2.94,0.0,0,0.0
2026-03-07 10:00:00,72.583,21.92,62.54,2.56,3.92,0,0.0
2026-03-07 11:00:00,68.834,22.26,63.25,3.74,6.27,0,0.0
2026-03-07 12:00:00,71.017,21.45,68.59,1.05,0.0,0,0.0
2026-03-07 13:00:00,69.369,21.8,69.7,1.98,5.6,0,0.0
2026-03-07 14:00:00,69.962,23.78,65.41,0.72,0.0,0,0.0
2026-03-07 15:00:00,66.672,26.35,53.17,0.9,0.0,0,0.0
2026-03-07 16:00:00,73.889,27.46,56.36,0.52,0.0,0,0.0
2026-03-07 17:00:00,78.94,25.82,65.96,0.16,0.0,0,0.0
2026-03-07 18:00:00,76.733,26.92,63.37,0.72,6.03,0,0.0
2026-03-07 19:00:00,83.965,27.63,62.56,0.1,0.0,0,0.0
2026-03-07 20:00:00,79.414,28.2,61.1,0.71,8.37,1,235.1
2026-03-07 21:00:00,77.401,26.86,58.11,1.09,0.0,0,0.0
2026-03-07 22:00:00,77.773,26.39,58.21,0.63,0.0,0,0.0
2026-03-07 23:00:00,72.792,26.47,64.25,2.72,0.0,0,0.0
2026-03-08 00:00:00,58.563,26.75,56.36,1.84,0.0,0,0.0
2026-03-08 01:00:00,67.542,24.26,63.71,2.45,17.94,0,0.0
2026-03-08 02:00:00,65.884,24.51,64.19,2.59,0.0,1,25.0
2026-03-08 03:00:00,61.278,24.88,65.74,3.21,0.0,0,0.0
2026-03-08 04:00:00,65.018,21.08,60.15,4.28,10.46,0,0.0
2026-03-08 05:00:00,64.471,21.57,66.19,5.13,2.06,0,0.0
2026-03-08 06:00:00,67.482,22.41,56.15,4.15,0.0,0,0.0
2026-03-08 07:00:00,64.499,20.28,57.9,4.3,0.0,0,0.0
2026-03-08 08:00:00,74.149,19.96,62.29,4.53,5.81,0,0.0
2026-03-08 09:00:00,71.549,22.18,55.52,3.41,5.55,0,0.0
2026-03-08 10:00:00,71.888,20.81,69.73,3.89,0.0,0,0.0
2026-03-08 11:00:00,69.777,23.14,67.64,3.06,0.0,0,0.0
2026-03-08 12:00:00,68.742,23.16,54.84,2.29,0.0,0,0.0
2026-03-08 13:00:00,72.652,23.2,66.66,2.02,17.02,0,0.0
2026-03-08 14:00:00,72.26,25.22,60.5,0.36,2.04,0,0.0
2026-03-08 15:00:00,73.122,26.07,62.89,1.31,0.0,0,0.0
2026-03-08 16:00:00,72.375,27.87,64.58,0.1,0.0,0,0.0
2026-03-08 17:00:00,80.577,26.82,60.57,0.1,0.0,0,0.0
2026-03-08 18:00:00,80.016,28.16,52.85,0.82,0.0,0,0.0
2026-03-08 19:00:00,80.471,28.44,50.98,0.1,0.0,0,0.0
2026-03-08 20:00:00,83.096,29.49,57.76,0.9,3.45,0,0.0
2026-03-08 21:00:00,76.017,27.28,65.87,1.22,2.94,0,0.0
2026-03-08 22:00:00,71.947,29.33,58.99,1.56,4.9,0,0.0
2026-03-08 23:00:00,74.536,28.03,56.77,1.27,15.07,0,0.0
2026-03-09 00:00:00,65.691,25.08,53.42,2.74,0.0,0,0.0
2026-03-09 01:00:00,76.12,27.14,65.44,2.53,7.09,0,0.0
2026-03-09 02:00:00,66.145,27.34,56.5,3.21,0.0,0,0.0
2026-03-09 03:00:00,70.039,24.82,63.68,2.54,4.4,0,0.0
2026-03-09 04:00:00,69.729,24.37,63.79,3.39,0.0,0,0.0
2026-03-09 05:00:00,74.788,21.93,58.65,4.31,6.87,0,0.0
2026-03-09 06:00:00,72.87,19.2,57.44,4.28,14.12,0,0.0
2026-03-09 07:00:00,69.992,18.58,62.63,3.17,0.0,0,0.0
2026-03-09 08:00:00,79.81,20.96,60.18,3.17,0.0,0,0.0
2026-03-09 09:00:00,77.873,20.08,66.45,2.67,0.0,0,0.0
2026-03-09 10:00:00,79.176,20.1,68.24,2.56,0.0,0,0.0
2026-03-09 11:00:00,76.808,21.75,58.28,1.75,0.0,0,0.0
2026-03-09 12:00:00,76.078,23.4,61.89,2.12,0.0,0,0.0
2026-03-09 13:00:00,70.813,21.88,55.48,2.19,0.0,0,0.0
2026-03-09 14:00:00,74.141,24.12,56.74,0.98,9.25,0,0.0
2026-03-09 15:00:00,76.242,27.5,62.92,1.08,16.03,0,0.0
2026-03-09 16:00:00,76.949,25.37,64.68,0.77,0.0,0,0.0
2026-03-09 17:00:00,83.337,28.53,62.53,1.38,0.0,0,0.0
2026-03-09 18:00:00,82.943,27.54,53.61,0.33,0.0,0,0.0
2026-03-09 19:00:00,83.619,29.18,58.76,0.41,0.0,0,0.0
2026-03-09 20:00:00,85.527,29.97,56.36,0.39,0.0,0,0.0
2026-03-09 21:00:00,88.219,29.41,65.23,0.46,4.3,0,0.0
2026-03-09 22:00:00,79.406,29.21,60.28,1.77,0.0,0,0.0
2026-03-09 23:00:00,73.245,26.1,66.37,1.73,0.0,0,0.0
2026-03-10 00:00:00,70.924,28.01,53.38,2.23,0.0,0,0.0
2026-03-10 01:00:00,67.276,24.68,59.95,3.35,4.6,0,0.0
2026-03-10 02:00:00,73.585,24.98,64.59,3.75,4.78,0,0.0
2026-03-10 03:00:00,67.362,23.94,59.15,2.27,0.0,0,0.0
2026-03-10 04:00:00,69.294,23.25,63.54,3.89,0.0,0,0.0
2026-03-10 05:00:00,73.988,22.25,62.33,3.78,0.0,0,0.0
2026-03-10 06:00:00,70.279,20.19,70.76,3.42,3.37,0,0.0
2026-03-10 07:00:00,71.165,19.19,59.1,3.85,0.0,0,0.0
2026-03-10 08:00:00,76.538,21.72,69.0,2.46,0.0,0,0.0
2026-03-10 09:00:00,77.001,21.03,61.41,4.14,0.0,0,0.0
2026-03-10 10:00:00,83.541,22.58,61.47,3.26,0.0,0,0.0
2026-03-10 11:00:00,72.923,21.79,62.86,2.07,0.0,0,0.0
2026-03-10 12:00:00,69.572,20.98,59.39,1.85,0.0,0,0.0
2026-03-10 13:00:00,71.166,24.79,67.58,0.79,0.0,0,0.0
2026-03-10 14:00:00,74.64,24.23,67.14,1.26,0.0,0,0.0
2026-03-10 15:00:00,80.194,26.12,66.92,0.85,7.92,0,0.0
2026-03-10 16:00:00,78.05,25.89,67.42,0.11,0.0,0,0.0
2026-03-10 17:00:00,83.201,29.47,60.36,1.22,0.0,0,0.0
2026-03-10 18:00:00,89.982,27.08,58.53,1.47,0.0,0,0.0
2026-03-10 19:00:00,86.896,28.13,63.88,0.73,0.0,0,0.0
2026-03-10 20:00:00,85.477,28.8,51.08,0.72,0.0,0,0.0
2026-03-10 21:00:00,90.078,27.22,64.18,1.4,7.56,0,0.0
2026-03-10 22:00:00,78.134,28.53,58.34,1.44,2.12,0,0.0
2026-03-10 23:00:00,75.244,29.43,60.44,1.16,3.52,0,0.0
2026-03-11 00:00:00,68.219,26.09,57.96,1.81,5.08,0,0.0
2026-03-11 01:00:00,67.422,26.19,57.82,2.41,2.8,1,84.4
2026-03-11 02:00:00,62.371,21.38,55.65,3.1,0.0,0,0.0
2026-03-11 03:00:00,70.448,23.6,60.2,3.27,6.76,0,0.0
2026-03-11 04:00:00,69.141,22.31,60.74,3.63,0.0,0,0.0
2026-03-11 05:00:00,69.039,20.87,58.85,2.73,0.0,0,0.0
2026-03-11 06:00:00,74.587,22.51,58.2,4.1,7.16,0,0.0
2026-03-11 07:00:00,75.213,20.43,64.51,3.65,0.0,0,0.0
2026-03-11 08:00:00,73.0,20.47,60.49,5.03,0.0,0,0.0
2026-03-11 09:00:00,78.648,20.36,68.24,3.03,0.0,0,0.0
2026-03-11 10:00:00,77.37,18.92,58.32,3.14,0.0,0,0.0
2026-03-11 11:00:00,71.081,20.49,64.37,4.29,0.0,0,0.0
2026-03-11 12:00:00,78.972,23.83,56.1,2.32,7.62,0,0.0
2026-03-11 13:00:00,69.334,21.11,63.26,1.77,0.0,0,0.0
2026-03-11 14:00:00,72.631,23.76,62.03,0.86,6.66,0,0.0
2026-03-11 15:00:00,76.504,25.24,62.49,2.06,0.0,0,0.0
2026-03-11 16:00:00,81.498,28.77,57.15,0.21,2.8,0,0.0
2026-03-11 17:00:00,84.74,28.43,58.58,1.01,0.0,0,0.0
2026-03-11 18:00:00,86.175,27.48,54.23,0.42,0.0,0,0.0
2026-03-11 19:00:00,86.214,30.11,56.88,0.64,3.46,0,0.0
2026-03-11 20:00:00,88.175,27.79,56.92,0.1,9.38,1,67.3
2026-03-11 21:00:00,83.852,29.76,60.14,1.95,4.98,0,0.0
2026-03-11 22:00:00,79.355,26.51,58.61,1.28,0.0,0,0.0
2026-03-11 23:00:00,76.364,28.8,62.41,1.08,0.0,0,0.0
2026-03-12 00:00:00,68.513,26.2,58.67,2.95,6.01,0,0.0
2026-03-12 01:00:00,66.643,24.49,56.84,2.29,0.0,0,0.0
2026-03-12 02:00:00,67.059,24.43,57.45,3.15,13.42,0,0.0
2026-03-12 03:00:00,69.641,23.99,54.29,3.77,0.0,0,0.0
2026-03-12 04:00:00,69.527,22.1,62.84,3.78,0.0,0,0.0
2026-03-12 05:00:00,64.857,22.53,66.95,2.33,0.0,0,0.0
2026-03-12 06:00:00,74.359,20.53,67.22,4.12,0.0,0,0.0
2026-03-12 07:00:00,75.64,21.57,61.62,3.59,4.25,0,0.0
2026-03-12 08:00:00,77.218,21.22,58.21,3.3,11.16,0,0.0
2026-03-12 09:00:00,75.472,20.75,68.5,3.2,0.0,0,0.0
2026-03-12 10:00:00,76.572,20.7,56.43,1.98,7.25,0,0.0
2026-03-12 11:00:00,73.378,22.05,60.76,2.7,2.34,0,0.0
2026-03-12 12:00:00,73.505,23.35,66.84,1.38,4.9,0,0.0
2026-03-12 13:00:00,77.086,26.13,58.22,1.64,0.0,0,0.0
2026-03-12 14:00:00,74.013,25.82,54.28,1.54,0.0,0,0.0
2026-03-12 15:00:00,80.736,26.9,55.85,1.78,0.0,0,0.0
2026-03-12 16:00:00,81.242,30.4,58.76,0.41,2.97,0,0.0
2026-03-12 17:00:00,87.228,28.14,53.4,1.62,11.81,0,0.0
2026-03-12 18:00:00,83.445,28.74,60.58,1.27,0.0,0,0.0
2026-03-12 19:00:00,85.947,29.4,56.93,0.49,0.0,0,0.0
2026-03-12 20:00:00,86.971,27.48,56.53,0.24,7.23,0,0.0
2026-03-12 21:00:00,83.867,28.02,54.8,0.27,0.0,0,0.0
2026-03-12 22:00:00,79.514,27.55,63.82,1.61,0.0,0,0.0
2026-03-12 23:00:00,76.449,28.3,56.97,1.37,0.0,0,0.0
2026-03-13 00:00:00,69.276,26.49,63.18,2.92,0.0,0,0.0
2026-03-13 01:00:00,67.242,25.9,59.06,2.18,0.0,0,0.0
2026-03-13 02:00:00,66.578,26.01,53.77,2.41,0.0,0,0.0
2026-03-13 03:00:00,66.583,24.7,59.79,3.4,0.0,0,0.0
2026-03-13 04:00:00,71.501,22.51,62.11,3.09,0.0,0,0.0
2026-03-13 05:00:00,69.144,21.07,62.23,3.65,0.0,0,0.0
2026-03-13 06:00:00,73.53,22.6,66.68,4.29,0.0,0,0.0
2026-03-13 07:00:00,77.254,21.77,68.6,3.72,8.01,0,0.0
2026-03-13 08:00:00,79.471,18.77,68.54,3.57,0.0,0,0.0
2026-03-13 09:00:00,72.62,20.46,64.46,3.38,0.0,0,0.0
2026-03-13 10:00:00,77.702,21.44,63.26,1.93,0.0,0,0.0
2026-03-13 11:00:00,72.338,22.81,63.98,2.82,0.0,0,0.0
2026-03-13 12:00:00,74.216,23.79,58.04,2.3,0.0,0,0.0
2026-03-13 13:00:00,75.315,24.01,65.77,2.35,8.21,0,0.0
2026-03-13 14:00:00,70.459,25.4,65.61,1.81,0.0,0,0.0
2026-03-13 15:00:00,78.177,25.81,56.52,1.02,6.01,0,0.0
2026-03-13 16:00:00,80.273,25.89,66.01,1.52,0.0,0,0.0
2026-03-13 17:00:00,82.604,27.22,64.4,0.58,0.0,0,0.0
2026-03-13 18:00:00,87.18,28.19,57.45,0.85,7.32,0,0.0
2026-03-13 19:00:00,91.287,28.52,64.52,0.56,13.01,0,0.0
2026-03-13 20:00:00,87.518,26.44,53.94,1.18,0.0,0,0.0
2026-03-13 21:00:00,81.231,28.09,51.57,0.91,0.0,0,0.0
2026-03-13 22:00:00,81.551,28.23,56.28,2.44,0.0,0,0.0
2026-03-13 23:00:00,78.442,27.19,60.17,3.02,9.45,0,0.0
2026-03-14 00:00:00,65.647,26.42,57.42,2.72,0.0,0,0.0
2026-03-14 01:00:00,65.806,26.33,66.33,3.51,10.27,0,0.0
2026-03-14 02:00:00,62.831,23.42,57.77,2.03,8.2,0,0.0
2026-03-14 03:00:00,59.426,21.72,59.18,2.41,0.0,0,0.0
2026-03-14 04:00:00,63.387,22.29,64.15,3.31,0.0,0,0.0
2026-03-14 05:00:00,61.955,22.8,54.38,3.67,0.0,0,0.0
2026-03-14 06:00:00,72.965,23.27,64.95,3.58,7.63,0,0.0
2026-03-14 07:00:00,72.247,21.79,60.59,2.66,18.23,0,0.0
2026-03-14 08:00:00,69.908,18.95,71.3,4.19,0.0,0,0.0
2026-03-14 09:00:00,75.194,20.57,66.03,4.55,4.88,0,0.0
2026-03-14 10:00:00,75.849,21.56,55.85,3.72,7.16,0,0.0
2026-03-14 11:00:00,73.091,22.1,56.13,3.24,7.3,0,0.0
2026-03-14 12:00:00,71.651,23.36,55.31,2.34,5.35,0,0.0
2026-03-14 13:00:00,67.569,22.58,68.74,1.31,0.0,0,0.0
2026-03-14 14:00:00,69.648,24.79,63.39,1.49,4.94,0,0.0
2026-03-14 15:00:00,75.362,26.25,58.66,2.4,0.0,0,0.0
2026-03-14 16:00:00,77.613,27.7,54.39,0.69,0.0,0,0.0
2026-03-14 17:00:00,79.439,26.57,65.16,0.48,0.0,0,0.0
2026-03-14 18:00:00,82.138,27.76,54.37,1.36,0.0,0,0.0
2026-03-14 19:00:00,82.95,25.33,63.4,1.46,0.0,0,0.0
2026-03-14 20:00:00,77.216,27.97,62.67,0.39,0.0,0,0.0
2026-03-14 21:00:00,78.846,27.95,55.65,0.98,6.78,0,0.0
2026-03-14 22:00:00,77.353,26.95,59.4,1.15,0.0,0,0.0
2026-03-14 23:00:00,74.703,27.74,54.7,1.85,10.46,0,0.0
2026-03-15 00:00:00,62.329,26.65,57.69,2.86,0.0,0,0.0
2026-03-15 01:00:00,66.736,23.05,68.65,2.11,0.0,0,0.0
2026-03-15 02:00:00,65.971,24.98,63.41,3.6,7.19,0,0.0
2026-03-15 03:00:00,66.537,22.57,67.16,3.32,5.06,0,0.0
2026-03-15 04:00:00,68.919,23.3,62.13,4.89,15.07,0,0.0
2026-03-15 05:00:00,67.254,20.35,59.37,3.84,6.31,0,0.0
2026-03-15 06:00:00,68.448,21.29,65.92,3.64,0.0,0,0.0
2026-03-15 07:00:00,73.248,20.52,63.2,3.99,3.34,0,0.0
2026-03-15 08:00:00,74.273,21.08,58.0,3.3,0.0,0,0.0
2026-03-15 09:00:00,70.794,21.01,61.58,2.18,0.0,0,0.0
2026-03-15 10:00:00,73.635,20.95,64.95,2.81,4.0,0,0.0
2026-03-15 11:00:00,73.521,20.05,67.0,2.43,1.8,0,0.0
2026-03-15 12:00:00,67.024,20.95,59.08,1.24,0.0,0,0.0
2026-03-15 13:00:00,64.442,22.99,67.35,1.77,0.0,0,0.0
2026-03-15 14:00:00,67.035,24.71,58.87,0.21,4.77,0,0.0
2026-03-15 15:00:00,71.828,25.03,57.05,0.93,13.22,0,0.0
2026-03-15 16:00:00,72.216,27.47,54.44,1.05,0.0,0,0.0
2026-03-15 17:00:00,75.771,27.21,63.73,0.81,0.0,0,0.0
2026-03-15 18:00:00,83.623,27.03,57.1,0.45,5.09,0,0.0
2026-03-15 19:00:00,80.137,28.25,58.3,0.7,0.0,0,0.0
2026-03-15 20:00:00,82.706,28.99,53.95,0.43,0.0,0,0.0
2026-03-15 21:00:00,74.806,28.97,60.91,1.15,0.0,0,0.0
2026-03-15 22:00:00,76.535,30.44,61.45,1.48,9.88,0,0.0
2026-03-15 23:00:00,70.092,26.75,57.04,1.27,0.0,0,0.0
2026-03-16 00:00:00,74.401,26.64,66.19,2.36,11.76,0,0.0
2026-03-16 01:00:00,70.319,26.28,52.69,2.75,0.0,0,0.0
2026-03-16 02:00:00,70.449,24.7,55.17,2.85,14.22,0,0.0
2026-03-16 03:00:00,70.8,23.09,62.98,4.71,0.0,0,0.0
2026-03-16 04:00:00,64.716,20.87,66.0,3.41,0.0,0,0.0
2026-03-16 05:00:00,71.825,21.29,58.99,3.48,0.0,0,0.0
2026-03-16 06:00:00,68.678,19.98,64.32,3.45,0.0,0,0.0
2026-03-16 07:00:00,77.469,18.79,61.5,3.07,7.75,0,0.0
2026-03-16 08:00:00,82.051,19.78,64.45,3.91,8.71,0,0.0
2026-03-16 09:00:00,79.852,19.61,66.12,2.85,0.0,0,0.0
2026-03-16 10:00:00,76.362,21.97,69.41,2.61,9.25,0,0.0
2026-03-16 11:00:00,74.972,22.62,61.26,2.27,2.96,0,0.0
2026-03-16 12:00:00,75.346,21.65,64.74,1.61,0.0,0,0.0
2026-03-16 13:00:00,76.587,23.38,62.64,0.76,6.81,0,0.0
2026-03-16 14:00:00,74.584,22.5,59.26,1.17,2.88,0,0.0
2026-03-16 15:00:00,69.958,25.17,56.69,1.66,0.0,0,0.0
2026-03-16 16:00:00,83.024,27.21,66.49,1.02,0.0,0,0.0
2026-03-16 17:00:00,85.851,28.55,53.97,1.69,0.0,1,77.0
2026-03-16 18:00:00,88.297,27.34,63.45,1.15,7.21,0,0.0
2026-03-16 19:00:00,86.598,29.86,52.29,1.07,0.0,0,0.0
2026-03-16 20:00:00,86.943,26.91,63.92,2.03,0.0,0,0.0
2026-03-16 21:00:00,86.73,27.1,54.53,1.08,3.04,0,0.0
2026-03-16 22:00:00,80.702,29.05,65.08,1.49,0.0,0,0.0
2026-03-16 23:00:00,75.721,29.56,60.55,1.8,0.0,0,0.0
2026-03-17 00:00:00,68.609,27.33,52.95,3.13,0.0,0,0.0
2026-03-17 01:00:00,69.622,25.73,62.96,2.59,4.18,0,0.0
2026-03-17 02:00:00,67.932,22.1,63.79,2.56,0.0,0,0.0
2026-03-17 03:00:00,71.111,21.28,60.3,3.61,25.98,0,0.0
2026-03-17 04:00:00,70.932,22.89,58.17,3.01,3.71,0,0.0
2026-03-17 05:00:00,73.806,21.48,65.89,3.97,1.65,1,56.7
2026-03-17 06:00:00,74.868,19.95,67.15,3.95,0.0,0,0.0
2026-03-17 07:00:00,77.082,20.95,60.34,3.54,1.32,0,0.0
2026-03-17 08:00:00,77.109,20.88,68.62,3.84,0.0,0,0.0
2026-03-17 09:00:00,77.709,22.01,58.83,2.37,0.0,0,0.0
2026-03-17 10:00:00,80.006,21.44,56.19,3.05,2.5,0,0.0
2026-03-17 11:00:00,77.686,23.38,62.97,2.31,0.0,0,0.0
2026-03-17 12:00:00,76.599,22.75,55.96,3.92,0.0,0,0.0
2026-03-17 13:00:00,71.823,23.56,58.01,1.91,3.67,0,0.0
2026-03-17 14:00:00,72.047,26.02,60.0,1.09,0.0,0,0.0
2026-03-17 15:00:00,74.621,24.6,57.54,0.31,0.0,0,0.0
2026-03-17 16:00:00,76.87,30.12,53.16,1.68,0.0,0,0.0
2026-03-17 17:00:00,79.797,28.02,61.74,0.54,0.0,0,0.0
2026-03-17 18:00:00,86.699,28.66,59.01,0.23,0.0,0,0.0
2026-03-17 19:00:00,88.002,29.23,63.06,0.95,0.0,0,0.0
2026-03-17 20:00:00,89.769,30.99,58.12,1.29,11.01,1,52.0
2026-03-17 21:00:00,85.516,29.55,57.52,1.52,5.72,0,0.0
2026-03-17 22:00:00,75.035,26.28,56.15,1.46,0.0,0,0.0
2026-03-17 23:00:00,75.13,29.25,62.33,1.91,0.0,1,37.2
2026-03-18 00:00:00,70.205,26.34,55.15,2.34,10.78,0,0.0
2026-03-18 01:00:00,68.721,25.91,56.09,2.79,2.83,0,0.0
2026-03-18 02:00:00,64.781,23.21,66.7,3.2,0.0,0,0.0
2026-03-18 03:00:00,66.393,24.34,64.51,3.92,0.0,0,0.0
2026-03-18 04:00:00,69.323,21.96,64.01,3.53,4.93,0,0.0
2026-03-18 05:00:00,75.575,22.04,55.36,3.16,11.64,0,0.0
2026-03-18 06:00:00,75.645,20.94,57.34,3.61,11.56,0,0.0
2026-03-18 07:00:00,79.025,23.19,61.58,4.1,5.42,0,0.0
2026-03-18 08:00:00,77.019,23.12,65.32,2.43,0.0,0,0.0
2026-03-18 09:00:00,79.745,20.94,62.4,2.19,7.41,0,0.0
2026-03-18 10:00:00,77.445,21.36,55.44,3.5,0.0,0,0.0
2026-03-18 11:00:00,76.828,21.47,57.88,3.5,8.66,0,0.0
2026-03-18 12:00:00,73.228,24.07,62.39,1.44,3.39,1,76.3
2026-03-18 13:00:00,69.284,23.32,64.42,1.87,0.0,0,0.0
2026-03-18 14:00:00,71.847,24.24,53.96,1.21,1.71,0,0.0
2026-03-18 15:00:00,80.333,26.96,52.48,0.98,9.55,0,0.0
2026-03-18 16:00:00,85.219,26.1,56.26,1.08,10.81,0,0.0
2026-03-18 17:00:00,80.188,27.53,52.73,0.1,0.0,0,0.0
2026-03-18 18:00:00,82.815,26.31,60.34,0.1,6.34,0,0.0
2026-03-18 19:00:00,88.278,29.45,52.18,0.57,0.0,0,0.0
2026-03-18 20:00:00,86.142,31.08,59.08,0.81,0.0,0,0.0
2026-03-18 21:00:00,79.989,29.48,61.97,0.46,0.0,0,0.0
2026-03-18 22:00:00,72.432,29.96,64.58,1.92,0.0,0,0.0
2026-03-18 23:00:00,73.841,26.56,66.29,1.56,0.0,0,0.0
2026-03-19 00:00:00,66.754,27.04,55.88,1.95,0.0,0,0.0
2026-03-19 01:00:00,64.411,24.66,53.65,2.76,0.0,0,0.0
2026-03-19 02:00:00,69.552,24.48,58.25,2.87,0.0,0,0.0
2026-03-19 03:00:00,66.676,24.64,63.84,3.76,0.0,0,0.0
2026-03-19 04:00:00,71.185,22.88,55.17,2.94,9.77,0,0.0
2026-03-19 05:00:00,75.643,20.23,61.26,2.81,0.0,0,0.0
2026-03-19 06:00:00,72.743,19.71,60.64,3.51,2.7,0,0.0
2026-03-19 07:00:00,73.669,19.23,59.75,3.69,0.0,0,0.0
2026-03-19 08:00:00,80.851,21.34,65.79,2.75,13.42,0,0.0
2026-03-19 09:00:00,82.287,23.37,63.87,2.43,8.35,0,0.0
2026-03-19 10:00:00,79.493,22.92,62.28,3.06,3.2,0,0.0
2026-03-19 11:00:00,76.377,19.65,69.87,2.13,11.11,0,0.0
2026-03-19 12:00:00,74.679,24.46,54.87,1.33,8.69,0,0.0
2026-03-19 13:00:00,73.173,24.84,55.34,2.39,8.2,1,126.1
2026-03-19 14:00:00,72.495,22.9,60.01,1.07,0.0,0,0.0
2026-03-19 15:00:00,83.059,25.42,62.58,1.83,7.9,0,0.0
2026-03-19 16:00:00,81.096,28.07,59.92,0.92,0.0,0,0.0
2026-03-19 17:00:00,82.001,28.24,52.17,0.93,0.0,0,0.0
2026-03-19 18:00:00,90.443,26.65,66.39,0.57,4.71,0,0.0
2026-03-19 19:00:00,86.701,29.35,54.97,0.1,0.0,0,0.0
2026-03-19 20:00:00,80.862,26.19,57.67,0.22,0.0,0,0.0
2026-03-19 21:00:00,87.159,28.35,60.34,1.06,0.0,0,0.0
2026-03-19 22:00:00,79.742,29.58,64.43,1.67,0.0,0,0.0
2026-03-19 23:00:00,70.315,27.6,61.38,0.74,0.0,0,0.0
2026-03-20 00:00:00,64.837,26.16,66.62,2.17,0.0,0,0.0
2026-03-20 01:00:00,72.02,26.86,54.7,1.91,4.67,0,0.0
2026-03-20 02:00:00,64.479,25.93,61.72,3.09,0.0,0,0.0
2026-03-20 03:00:00,74.167,25.3,65.26,3.25,6.07,0,0.0
2026-03-20 04:00:00,69.221,23.81,61.35,3.95,0.0,0,0.0
2026-03-20 05:00:00,71.865,23.23,59.49,4.29,0.0,0,0.0
2026-03-20 06:00:00,74.165,22.18,69.47,3.98,6.11,0,0.0
2026-03-20 07:00:00,75.394,21.22,57.39,4.17,0.0,0,0.0
2026-03-20 08:00:00,77.358,20.87,61.64,3.29,0.0,0,0.0
2026-03-20 09:00:00,78.012,20.61,68.73,4.95,0.0,0,0.0
2026-03-20 10:00:00,77.705,19.84,69.6,2.22,10.04,0,0.0
2026-03-20 11:00:00,76.697,20.79,70.23,2.27,0.0,0,0.0
2026-03-20 12:00:00,69.492,22.42,67.82,2.74,0.0,0,0.0
2026-03-20 13:00:00,76.27,24.01,54.36,2.26,5.99,0,0.0
2026-03-20 14:00:00,74.951,26.49,66.05,1.74,0.0,0,0.0
2026-03-20 15:00:00,76.987,25.75,58.98,1.54,0.0,0,0.0
2026-03-20 16:00:00,76.314,27.96,61.0,0.1,10.69,0,0.0
2026-03-20 17:00:00,79.951,28.88,56.58,1.7,0.0,0,0.0
2026-03-20 18:00:00,85.851,27.95,63.44,0.58,4.17,0,0.0
2026-03-20 19:00:00,88.326,29.34,59.04,1.5,0.0,0,0.0
2026-03-20 20:00:00,83.611,28.47,63.6,0.1,0.0,0,0.0
2026-03-20 21:00:00,93.061,30.21,52.78,1.29,13.69,0,0.0
2026-03-20 22:00:00,78.271,28.99,53.38,1.11,0.0,0,0.0
2026-03-20 23:00:00,72.915,26.16,58.91,2.16,0.0,0,0.0
2026-03-21 00:00:00,61.547,26.96,51.9,2.39,0.0,0,0.0
2026-03-21 01:00:00,60.797,27.78,61.73,2.81,0.0,0,0.0
2026-03-21 02:00:00,59.334,24.55,57.71,2.31,0.0,0,0.0
2026-03-21 03:00:00,65.478,24.27,61.8,3.23,0.0,0,0.0
2026-03-21 04:00:00,66.191,23.42,55.0,3.39,6.96,0,0.0
2026-03-21 05:00:00,65.286,20.69,58.14,3.95,0.0,0,0.0
2026-03-21 06:00:00,70.098,21.92,64.19,4.29,0.0,1,53.5
2026-03-21 07:00:00,69.818,19.23,61.05,3.74,0.0,0,0.0
2026-03-21 08:00:00,68.008,20.02,59.21,2.73,0.0,0,0.0
2026-03-21 09:00:00,73.61,22.19,58.12,3.33,0.0,0,0.0
2026-03-21 10:00:00,68.244,21.73,58.18,4.52,0.0,0,0.0
2026-03-21 11:00:00,68.671,21.57,64.4,3.58,0.0,0,0.0
2026-03-21 12:00:00,68.044,23.3,56.53,0.42,1.96,0,0.0
2026-03-21 13:00:00,66.707,23.66,59.25,1.85,0.0,0,0.0
2026-03-21 14:00:00,66.125,24.78,63.45,2.01,7.35,0,0.0
2026-03-21 15:00:00,68.144,26.59,59.75,1.03,0.0,0,0.0
2026-03-21 16:00:00,74.984,25.89,61.42,0.62,4.05,0,0.0
2026-03-21 17:00:00,75.381,27.64,55.18,0.59,0.0,1,59.1
2026-03-21 18:00:00,83.356,27.86,65.28,1.03,0.0,0,0.0
2026-03-21 19:00:00,86.252,26.73,58.17,0.1,8.05,0,0.0
2026-03-21 20:00:00,76.739,27.66,55.71,1.61,0.0,0,0.0
2026-03-21 21:00:00,78.343,30.51,63.26,1.11,0.0,0,0.0
2026-03-21 22:00:00,81.832,28.69,60.61,0.89,12.56,0,0.0
2026-03-21 23:00:00,69.869,26.01,61.61,2.49,0.0,0,0.0
2026-03-22 00:00:00,62.081,24.92,66.35,1.27,0.0,0,0.0
2026-03-22 01:00:00,65.179,25.67,53.47,2.26,3.51,0,0.0
2026-03-22 02:00:00,62.68,26.65,64.58,2.61,0.0,0,0.0
2026-03-22 03:00:00,66.224,23.51,64.06,4.55,0.0,0,0.0
2026-03-22 04:00:00,64.552,24.34,58.8,3.09,8.89,0,0.0
2026-03-22 05:00:00,63.789,22.37,58.43,2.36,2.15,0,0.0
2026-03-22 06:00:00,68.106,21.87,56.45,3.35,0.0,0,0.0
2026-03-22 07:00:00,69.821,19.31,70.53,3.92,0.0,0,0.0
2026-03-22 08:00:00,71.071,21.9,56.99,3.97,0.0,0,0.0
2026-03-22 09:00:00,70.087,20.51,59.59,4.63,10.57,0,0.0
2026-03-22 10:00:00,72.394,22.34,64.96,3.79,4.74,0,0.0
2026-03-22 11:00:00,72.091,20.97,66.07,2.7,0.0,0,0.0
2026-03-22 12:00:00,65.57,22.98,56.62,1.67,0.0,0,0.0
2026-03-22 13:00:00,69.57,24.16,65.72,2.79,0.0,0,0.0
2026-03-22 14:00:00,69.173,24.59,60.9,1.23,1.29,0,0.0
2026-03-22 15:00:00,70.537,26.29,64.95,0.74,0.0,0,0.0
2026-03-22 16:00:00,76.528,26.45,53.44,0.65,0.0,0,0.0
2026-03-22 17:00:00,75.654,26.82,52.55,0.1,0.0,0,0.0
2026-03-22 18:00:00,79.972,30.16,59.46,0.42,0.89,0,0.0
2026-03-22 19:00:00,80.055,29.89,52.31,0.61,0.0,0,0.0
2026-03-22 20:00:00,80.128,27.86,59.16,1.34,0.0,0,0.0
2026-03-22 21:00:00,78.639,29.32,50.62,0.91,0.0,0,0.0
2026-03-22 22:00:00,72.15,27.34,63.29,0.69,5.65,1,47.4
2026-03-22 23:00:00,74.18,26.18,65.79,0.85,4.5,1,39.6
2026-03-23 00:00:00,69.074,28.02,63.77,2.33,0.0,0,0.0
2026-03-23 01:00:00,71.198,23.77,68.11,2.63,4.03,0,0.0
2026-03-23 02:00:00,74.858,25.89,66.01,2.62,0.0,0,0.0
2026-03-23 03:00:00,66.914,23.44,60.6,2.98,0.0,0,0.0
2026-03-23 04:00:00,68.283,22.52,60.46,3.73,8.76,0,0.0
2026-03-23 05:00:00,71.29,22.44,67.98,4.48,0.0,0,0.0
2026-03-23 06:00:00,73.767,22.01,68.7,3.23,0.0,0,0.0
2026-03-23 07:00:00,79.155,19.92,70.64,3.7,5.93,0,0.0
2026-03-23 08:00:00,75.868,21.64,66.54,4.07,0.0,0,0.0
2026-03-23 09:00:00,75.098,21.05,58.4,2.79,0.0,0,0.0
2026-03-23 10:00:00,73.605,19.81,70.29,2.94,0.0,0,0.0
2026-03-23 11:00:00,80.533,21.74,69.16,2.57,26.89,0,0.0
2026-03-23 12:00:00,72.928,24.43,63.33,1.41,0.0,0,0.0
2026-03-23 13:00:00,73.289,25.75,65.41,1.91,0.0,1,62.5
2026-03-23 14:00:00,85.01,25.64,61.03,1.47,20.08,0,0.0
2026-03-23 15:00:00,72.225,24.38,67.53,1.47,0.0,0,0.0
2026-03-23 16:00:00,79.598,27.37,52.99,0.19,0.0,0,0.0
2026-03-23 17:00:00,81.643,28.63,63.78,0.76,0.0,0,0.0
2026-03-23 18:00:00,85.445,29.11,51.37,1.53,0.0,0,0.0
2026-03-23 19:00:00,84.952,29.58,55.34,2.0,0.0,0,0.0
2026-03-23 20:00:00,87.599,29.21,52.5,1.67,0.0,0,0.0
2026-03-23 21:00:00,85.406,28.55,58.05,0.43,0.0,0,0.0
2026-03-23 22:00:00,78.559,27.51,54.98,1.72,0.0,0,0.0
2026-03-23 23:00:00,79.74,25.33,67.08,1.52,0.0,0,0.0
2026-03-24 00:00:00,70.291,27.19,60.08,2.37,0.0,0,0.0
2026-03-24 01:00:00,72.271,26.04,65.84,2.12,0.0,0,0.0
2026-03-24 02:00:00,67.785,25.45,56.9,1.92,0.0,0,0.0
2026-03-24 03:00:00,69.795,22.14,55.1,3.05,0.0,0,0.0
2026-03-24 04:00:00,68.502,23.56,65.5,3.93,3.37,1,88.5
2026-03-24 05:00:00,68.583,24.42,63.88,3.82,0.0,0,0.0
2026-03-24 06:00:00,81.037,21.41,63.34,3.94,11.13,0,0.0
2026-03-24 07:00:00,72.362,20.84,67.72,3.78,0.0,0,0.0
2026-03-24 08:00:00,76.178,21.15,67.91,3.74,0.0,0,0.0
2026-03-24 09:00:00,73.289,23.36,62.8,3.58,0.0,0,0.0
2026-03-24 10:00:00,80.063,20.09,70.44,2.79,15.57,0,0.0
2026-03-24 11:00:00,73.118,22.2,65.48,2.64,0.0,0,0.0
2026-03-24 12:00:00,73.044,21.82,65.06,3.25,3.48,0,0.0
2026-03-24 13:00:00,73.272,23.09,59.57,1.9,0.0,0,0.0
2026-03-24 14:00:00,74.232,24.72,53.2,1.48,0.0,0,0.0
2026-03-24 15:00:00,73.256,27.43,55.15,1.2,0.0,0,0.0
2026-03-24 16:00:00,79.931,28.94,62.09,0.77,6.49,0,0.0
2026-03-24 17:00:00,85.883,28.15,61.76,0.49,0.0,0,0.0
2026-03-24 18:00:00,89.411,27.79,56.29,0.83,0.0,0,0.0
2026-03-24 19:00:00,90.156,31.64,58.4,0.45,0.0,0,0.0
2026-03-24 20:00:00,80.877,28.27,53.97,0.81,0.0,0,0.0
2026-03-24 21:00:00,85.417,27.96,55.18,0.67,0.0,0,0.0
2026-03-24 22:00:00,86.564,26.12,66.54,1.51,7.26,0,0.0
2026-03-24 23:00:00,72.593,29.29,56.63,2.16,3.4,0,0.0
2026-03-25 00:00:00,70.721,27.95,54.91,2.07,0.0,0,0.0
2026-03-25 01:00:00,69.064,28.72,58.07,1.38,0.0,0,0.0
2026-03-25 02:00:00,67.407,23.12,59.93,3.3,1.48,0,0.0
2026-03-25 03:00:00,69.144,25.5,63.64,3.33,0.0,0,0.0
2026-03-25 04:00:00,70.722,22.87,68.71,2.9,0.0,0,0.0
2026-03-25 05:00:00,74.338,22.92,63.12,4.11,3.43,0,0.0
2026-03-25 06:00:00,74.837,19.34,65.26,2.86,0.0,0,0.0
2026-03-25 07:00:00,70.859,22.68,59.86,4.28,0.0,0,0.0
2026-03-25 08:00:00,75.308,21.73,63.43,3.46,0.0,0,0.0
2026-03-25 09:00:00,81.975,20.88,60.26,1.9,14.68,0,0.0
2026-03-25 10:00:00,80.237,22.1,54.76,3.06,0.0,0,0.0
2026-03-25 11:00:00,68.87,21.04,68.37,2.34,0.0,0,0.0
2026-03-25 12:00:00,71.814,22.09,61.19,1.87,0.0,0,0.0
2026-03-25 13:00:00,68.916,23.19,61.46,1.37,0.0,0,0.0
2026-03-25 14:00:00,69.324,22.56,55.71,1.37,0.0,0,0.0
2026-03-25 15:00:00,80.491,26.86,64.44,0.85,4.75,0,0.0
2026-03-25 16:00:00,77.656,28.22,53.63,0.1,0.0,0,0.0
2026-03-25 17:00:00,76.731,26.77,58.1,1.51,0.0,0,0.0
2026-03-25 18:00:00,88.139,28.67,63.4,0.55,8.38,0,0.0
2026-03-25 19:00:00,94.481,28.33,57.87,0.31,10.06,0,0.0
2026-03-25 20:00:00,81.694,29.18,64.46,0.22,0.0,0,0.0
2026-03-25 21:00:00,83.692,27.9,54.4,1.6,0.0,0,0.0
2026-03-25 22:00:00,86.834,27.19,62.41,0.67,11.26,1,153.1
2026-03-25 23:00:00,79.604,28.88,65.34,1.89,10.37,0,0.0
2026-03-26 00:00:00,73.147,26.71,60.22,1.85,0.0,0,0.0
2026-03-26 01:00:00,68.162,28.25,61.43,2.27,3.52,0,0.0
2026-03-26 02:00:00,71.617,24.85,58.99,2.29,0.0,0,0.0
2026-03-26 03:00:00,71.597,22.64,65.68,2.89,0.0,0,0.0
2026-03-26 04:00:00,69.624,24.26,67.08,3.5,0.0,0,0.0
2026-03-26 05:00:00,66.845,22.72,64.91,3.79,0.0,0,0.0
2026-03-26 06:00:00,70.432,22.2,68.72,3.23,0.0,0,0.0
2026-03-26 07:00:00,69.066,22.35,63.42,3.59,0.0,0,0.0
2026-03-26 08:00:00,78.23,20.01,64.65,4.03,0.0,0,0.0
2026-03-26 09:00:00,78.493,20.77,60.11,2.26,0.0,0,0.0
2026-03-26 10:00:00,77.454,21.12,65.97,2.95,0.0,0,0.0
2026-03-26 11:00:00,75.335,20.41,68.98,2.02,0.0,0,0.0
2026-03-26 12:00:00,77.11,22.47,64.21,1.57,0.0,0,0.0
2026-03-26 13:00:00,73.355,25.36,56.28,1.97,0.0,0,0.0
2026-03-26 14:00:00,73.352,25.07,61.12,1.12,3.32,0,0.0
2026-03-26 15:00:00,76.535,24.21,64.81,0.41,0.0,0,0.0
2026-03-26 16:00:00,86.815,24.92,67.14,1.7,6.49,0,0.0
2026-03-26 17:00:00,84.085,29.62,52.58,1.3,0.0,0,0.0
2026-03-26 18:00:00,83.918,28.15,53.03,0.1,0.0,0,0.0
2026-03-26 19:00:00,88.258,27.88,57.47,0.1,7.05,0,0.0
2026-03-26 20:00:00,86.078,28.46,52.81,1.26,0.0,1,35.2
2026-03-26 21:00:00,82.345,26.88,66.58,0.97,0.0,0,0.0
2026-03-26 22:00:00,78.164,29.96,56.39,2.35,0.0,0,0.0
2026-03-26 23:00:00,75.718,27.15,59.72,2.18,0.0,0,0.0
2026-03-27 00:00:00,71.851,28.43,54.35,2.38,0.0,0,0.0
2026-03-27 01:00:00,70.088,25.89,59.2,1.98,0.0,0,0.0
2026-03-27 02:00:00,68.068,26.51,66.87,3.24,0.0,0,0.0
2026-03-27 03:00:00,70.525,24.07,60.89,2.5,0.0,0,0.0
2026-03-27 04:00:00,68.326,23.82,53.84,4.28,0.0,0,0.0
2026-03-27 05:00:00,71.917,22.83,57.94,3.9,3.89,0,0.0
2026-03-27 06:00:00,73.623,22.08,69.43,3.21,0.0,0,0.0
2026-03-27 07:00:00,70.134,21.35,70.03,4.13,0.0,0,0.0
2026-03-27 08:00:00,70.346,20.51,58.85,4.84,5.68,0,0.0
2026-03-27 09:00:00,78.638,23.23,63.29,3.13,0.0,0,0.0
2026-03-27 10:00:00,74.072,20.24,57.01,3.28,0.0,0,0.0
2026-03-27 11:00:00,71.277,21.97,63.48,2.33,0.0,0,0.0
2026-03-27 12:00:00,72.515,22.81,56.2,2.25,5.3,0,0.0
2026-03-27 13:00:00,75.67,24.24,65.74,0.91,0.0,0,0.0
2026-03-27 14:00:00,75.139,24.28,67.53,1.45,0.0,0,0.0
2026-03-27 15:00:00,79.582,26.21,54.87,1.17,7.06,1,70.7
2026-03-27 16:00:00,80.369,26.59,58.99,1.98,0.0,0,0.0
2026-03-27 17:00:00,79.686,25.72,54.1,0.1,0.0,0,0.0
2026-03-27 18:00:00,88.147,28.27,56.13,0.53,3.26,0,0.0
2026-03-27 19:00:00,87.136,27.34,52.58,1.52,0.0,0,0.0
2026-03-27 20:00:00,87.228,26.71,55.94,0.76,8.67,0,0.0
2026-03-27 21:00:00,83.796,28.82,65.56,1.04,0.0,0,0.0
2026-03-27 22:00:00,80.719,28.84,51.36,0.95,0.0,0,0.0
2026-03-27 23:00:00,74.497,28.25,63.93,1.25,0.0,0,0.0
2026-03-28 00:00:00,64.936,27.48,52.68,1.1,0.0,0,0.0
2026-03-28 01:00:00,63.861,23.51,61.83,2.21,0.0,0,0.0
2026-03-28 02:00:00,66.156,23.16,60.88,2.36,12.52,0,0.0
2026-03-28 03:00:00,67.595,26.13,66.3,3.33,0.0,0,0.0
2026-03-28 04:00:00,62.168,21.54,58.06,3.03,8.61,0,0.0
2026-03-28 05:00:00,63.132,22.7,57.08,3.36,0.0,0,0.0
2026-03-28 06:00:00,67.893,20.51,66.93,3.43,8.8,0,0.0
2026-03-28 07:00:00,70.374,21.03,66.27,3.62,0.0,0,0.0
2026-03-28 08:00:00,74.394,20.04,66.47,3.18,0.0,0,0.0
2026-03-28 09:00:00,74.312,21.61,55.43,2.62,17.58,0,0.0
2026-03-28 10:00:00,81.292,21.5,59.0,3.0,6.32,0,0.0
2026-03-28 11:00:00,70.044,21.43,67.74,3.23,4.98,0,0.0
2026-03-28 12:00:00,69.228,21.53,64.09,2.28,0.95,0,0.0
2026-03-28 13:00:00,71.136,24.08,62.58,1.45,12.04,0,0.0
2026-03-28 14:00:00,67.785,23.34,58.43,1.38,0.0,0,0.0
2026-03-28 15:00:00,68.204,26.34,56.1,0.1,0.0,0,0.0
2026-03-28 16:00:00,78.0,29.95,64.23,0.82,1.54,0,0.0
2026-03-28 17:00:00,75.713,29.24,61.37,0.51,0.0,0,0.0
2026-03-28 18:00:00,75.093,29.12,52.43,0.14,0.0,0,0.0
2026-03-28 19:00:00,78.825,28.56,64.93,0.3,0.0,0,0.0
2026-03-28 20:00:00,85.078,26.47,60.85,0.65,5.31,0,0.0
2026-03-28 21:00:00,80.083,27.07,56.76,1.73,0.0,0,0.0
2026-03-28 22:00:00,71.017,29.8,56.08,2.11,7.17,0,0.0
2026-03-28 23:00:00,72.518,26.68,62.88,1.25,0.0,0,0.0
2026-03-29 00:00:00,57.53,25.96,58.07,1.89,0.0,0,0.0
2026-03-29 01:00:00,62.712,25.63,61.3,2.29,0.0,0,0.0
2026-03-29 02:00:00,63.031,23.52,64.54,3.44,10.74,0,0.0
2026-03-29 03:00:00,66.048,22.29,57.56,3.35,5.39,0,0.0
2026-03-29 04:00:00,65.47,22.74,68.52,3.55,0.0,0,0.0
2026-03-29 05:00:00,66.782,20.9,60.8,3.97,0.0,0,0.0
2026-03-29 06:00:00,65.721,20.44,62.02,3.34,0.0,0,0.0
2026-03-29 07:00:00,68.838,20.0,66.48,4.47,0.0,0,0.0
2026-03-29 08:00:00,69.901,21.42,64.28,3.5,7.26,0,0.0
2026-03-29 09:00:00,69.429,20.65,62.21,2.75,0.0,0,0.0
2026-03-29 10:00:00,74.046,21.12,65.07,2.81,0.0,0,0.0
2026-03-29 11:00:00,71.372,22.69,67.93,3.33,0.0,0,0.0
2026-03-29 12:00:00,68.735,22.63,66.43,1.94,0.0,0,0.0
2026-03-29 13:00:00,70.929,23.43,66.31,2.38,0.0,0,0.0
2026-03-29 14:00:00,64.607,25.36,56.66,1.07,0.0,0,0.0
2026-03-29 15:00:00,74.842,26.63,58.31,0.68,8.6,0,0.0
2026-03-29 16:00:00,70.934,26.62,60.33,1.3,0.0,0,0.0
2026-03-29 17:00:00,80.773,27.72,52.03,0.23,1.45,0,0.0
2026-03-29 18:00:00,84.647,27.32,63.15,1.19,10.06,0,0.0
2026-03-29 19:00:00,83.01,27.63,56.28,0.96,0.0,0,0.0
2026-03-29 20:00:00,78.657,29.72,54.41,0.38,1.99,1,146.0
2026-03-29 21:00:00,86.433,29.19,54.37,1.1,12.92,1,35.5
2026-03-29 22:00:00,78.593,28.81,54.97,1.12,0.0,0,0.0
2026-03-29 23:00:00,73.722,27.96,56.29,2.02,8.62,0,0.0
2026-03-30 00:00:00,71.375,26.85,60.96,3.33,0.0,0,0.0
2026-03-30 01:00:00,68.613,26.67,60.75,2.37,3.18,0,0.0
2026-03-30 02:00:00,64.764,25.92,56.28,3.27,0.0,0,0.0
2026-03-30 03:00:00,70.02,24.86,56.18,3.28,0.0,0,0.0
2026-03-30 04:00:00,68.766,22.68,66.79,3.51,5.54,0,0.0
2026-03-30 05:00:00,73.043,23.63,55.21,3.55,0.0,0,0.0
2026-03-30 06:00:00,77.457,21.61,62.73,3.19,8.66,0,0.0
2026-03-30 07:00:00,78.614,21.69,62.79,3.85,10.9,0,0.0
2026-03-30 08:00:00,79.045,21.14,63.93,3.33,5.7,0,0.0
2026-03-30 09:00:00,81.575,21.23,68.55,2.72,2.86,0,0.0
2026-03-30 10:00:00,78.594,20.45,65.09,3.56,2.84,0,0.0
2026-03-30 11:00:00,75.066,22.81,68.92,2.65,0.0,0,0.0
2026-03-30 12:00:00,70.726,26.21,65.34,2.06,0.0,1,154.0
2026-03-30 13:00:00,74.745,23.31,57.23,2.62,0.0,0,0.0
2026-03-30 14:00:00,74.192,24.88,56.69,0.35,0.0,0,0.0
2026-03-30 15:00:00,82.58,25.3,57.99,1.9,0.0,0,0.0
2026-03-30 16:00:00,79.358,26.21,58.14,0.37,1.69,0,0.0
2026-03-30 17:00:00,85.393,29.48,58.61,0.88,5.07,0,0.0
2026-03-30 18:00:00,85.792,27.46,55.01,0.35,0.0,0,0.0
2026-03-30 19:00:00,87.632,28.09,54.48,0.2,0.0,0,0.0
2026-03-30 20:00:00,85.251,26.89,57.58,1.69,8.48,0,0.0
2026-03-30 21:00:00,83.818,27.75,61.43,2.25,3.2,0,0.0
2026-03-30 22:00:00,81.463,26.21,62.59,1.32,0.0,0,0.0
2026-03-30 23:00:00,75.737,28.39,65.61,2.01,0.0,0,0.0
2026-03-31 00:00:00,70.207,30.16,52.94,2.23,0.0,0,0.0
2026-03-31 01:00:00,68.217,25.39,58.66,3.63,0.0,0,0.0
2026-03-31 02:00:00,69.629,22.8,68.79,1.68,0.0,0,0.0
2026-03-31 03:00:00,71.633,24.84,63.44,3.49,0.0,0,0.0
2026-03-31 04:00:00,68.393,21.93,63.73,3.06,0.0,0,0.0
2026-03-31 05:00:00,66.797,23.53,61.98,2.24,0.0,0,0.0
2026-03-31 06:00:00,70.846,21.0,56.53,3.48,0.0,0,0.0
2026-03-31 07:00:00,73.07,20.18,69.29,4.76,0.0,0,0.0
2026-03-31 08:00:00,72.27,20.59,65.03,3.11,2.29,0,0.0
2026-03-31 09:00:00,80.238,21.85,63.47,3.74,8.86,0,0.0
2026-03-31 10:00:00,80.996,21.06,63.45,3.67,11.64,0,0.0
2026-03-31 11:00:00,79.502,21.38,61.05,2.58,6.39,0,0.0
2026-03-31 12:00:00,72.519,22.56,58.28,2.27,7.39,0,0.0
2026-03-31 13:00:00,73.252,22.24,65.99,0.78,0.0,0,0.0
2026-03-31 14:00:00,76.547,25.28,60.48,1.02,0.0,0,0.0
2026-03-31 15:00:00,73.596,23.69,54.29,1.68,0.0,1,55.3
2026-03-31 16:00:00,80.45,26.27,58.23,0.94,0.0,0,0.0
2026-03-31 17:00:00,87.563,28.54,64.81,0.97,0.0,0,0.0
2026-03-31 18:00:00,80.676,28.63,56.43,0.78,0.0,1,110.3
2026-03-31 19:00:00,89.077,29.37,56.58,2.07,6.5,0,0.0
2026-03-31 20:00:00,91.11,28.72,60.13,0.64,8.31,0,0.0
2026-03-31 21:00:00,86.507,30.07,61.98,2.1,12.87,1,63.2
2026-03-31 22:00:00,83.211,29.37,60.4,1.53,0.0,0,0.0
2026-03-31 23:00:00,82.901,28.16,63.85,2.83,16.54,0,0.0
2026-04-01 00:00:00,73.529,27.91,52.96,1.47,4.26,0,0.0
2026-04-01 01:00:00,70.39,26.74,65.83,2.7,0.0,0,0.0
2026-04-01 02:00:00,73.342,24.27,67.0,2.71,0.0,0,0.0
2026-04-01 03:00:00,68.926,22.15,62.5,3.34,0.0,0,0.0
2026-04-01 04:00:00,65.756,23.3,63.39,4.23,0.0,0,0.0
2026-04-01 05:00:00,68.251,22.63,57.62,3.88,0.0,0,0.0
2026-04-01 06:00:00,74.815,22.64,61.13,4.43,0.0,0,0.0
2026-04-01 07:00:00,77.482,19.81,59.15,3.25,3.1,0,0.0
2026-04-01 08:00:00,75.112,19.71,56.5,3.01,0.0,0,0.0
2026-04-01 09:00:00,82.93,21.49,69.82,3.27,0.0,0,0.0
2026-04-01 10:00:00,76.932,21.25,59.14,2.93,4.03,0,0.0
2026-04-01 11:00:00,76.29,19.71,65.07,2.48,0.0,0,0.0
2026-04-01 12:00:00,74.388,23.25,58.55,1.62,0.0,0,0.0
2026-04-01 13:00:00,69.044,21.54,60.63,2.53,0.0,0,0.0
2026-04-01 14:00:00,73.09,23.67,59.77,1.23,0.0,0,0.0
2026-04-01 15:00:00,82.614,27.46,56.55,1.99,2.42,1,94.8
2026-04-01 16:00:00,79.433,28.99,60.17,0.91,6.48,0,0.0
2026-04-01 17:00:00,87.068,26.17,66.71,1.14,7.24,0,0.0
2026-04-01 18:00:00,82.437,27.87,57.71,1.03,0.0,1,189.1
2026-04-01 19:00:00,84.876,28.71,65.37,0.26,0.0,0,0.0
2026-04-01 20:00:00,82.506,30.94,59.45,1.12,0.0,0,0.0
2026-04-01 21:00:00,85.345,28.07,60.26,2.3,0.0,0,0.0
2026-04-01 22:00:00,76.718,27.69,54.94,1.6,0.0,0,0.0
2026-04-01 23:00:00,78.878,29.49,51.25,2.35,1.26,0,0.0
2026-04-02 00:00:00,67.791,26.35,64.97,2.62,1.23,0,0.0
2026-04-02 01:00:00,68.724,26.7,60.59,2.77,0.0,0,0.0
2026-04-02 02:00:00,68.855,23.03,60.4,3.06,0.0,0,0.0
2026-04-02 03:00:00,66.835,23.56,66.04,3.59,6.98,0,0.0
2026-04-02 04:00:00,68.914,20.81,60.17,3.96,0.0,0,0.0
2026-04-02 05:00:00,71.328,20.7,67.33,2.84,0.0,0,0.0
2026-04-02 06:00:00,76.153,22.34,59.51,3.85,4.17,0,0.0
2026-04-02 07:00:00,72.86,20.88,69.29,3.54,0.0,0,0.0
2026-04-02 08:00:00,74.299,20.42,59.77,3.26,0.0,0,0.0
2026-04-02 09:00:00,78.629,20.04,58.04,4.04,0.0,0,0.0
2026-04-02 10:00:00,80.775,21.07,65.83,2.51,0.0,0,0.0
2026-04-02 11:00:00,73.323,22.33,57.04,1.75,0.0,0,0.0
2026-04-02 12:00:00,73.286,23.98,67.85,2.68,6.7,0,0.0
2026-04-02 13:00:00,71.895,20.61,65.46,0.96,0.0,0,0.0
2026-04-02 14:00:00,70.599,23.8,57.18,0.29,0.0,0,0.0
2026-04-02 15:00:00,76.57,26.03,55.52,1.68,0.0,0,0.0
2026-04-02 16:00:00,77.248,26.68,65.85,1.0,0.0,1,66.9
2026-04-02 17:00:00,87.511,28.11,60.25,1.03,6.81,0,0.0
2026-04-02 18:00:00,86.638,28.58,64.26,0.43,0.0,0,0.0
2026-04-02 19:00:00,88.974,28.3,52.67,0.1,2.0,0,0.0
2026-04-02 20:00:00,80.887,28.17,64.98,0.19,2.83,0,0.0
2026-04-02 21:00:00,78.502,28.37,58.78,0.98,0.0,0,0.0
2026-04-02 22:00:00,83.009,29.64,60.24,0.69,0.0,0,0.0
2026-04-02 23:00:00,73.67,26.75,57.54,2.0,0.0,0,0.0
2026-04-03 00:00:00,63.938,26.72,52.85,1.92,0.0,0,0.0
2026-04-03 01:00:00,69.75,26.05,66.74,2.7,4.52,0,0.0
2026-04-03 02:00:00,73.548,26.67,66.92,3.04,12.7,0,0.0
2026-04-03 03:00:00,73.278,23.4,59.43,3.49,18.6,0,0.0
2026-04-03 04:00:00,70.901,23.95,67.79,3.8,0.0,0,0.0
2026-04-03 05:00:00,70.69,23.45,56.45,3.44,0.0,0,0.0
2026-04-03 06:00:00,74.701,21.26,57.57,3.81,7.8,0,0.0
2026-04-03 07:00:00,77.334,20.68,56.69,3.79,0.0,0,0.0
2026-04-03 08:00:00,76.489,20.4,61.63,2.04,0.0,0,0.0
2026-04-03 09:00:00,76.814,20.63,56.41,3.65,0.0,0,0.0
2026-04-03 10:00:00,78.95,22.36,60.5,3.04,0.0,0,0.0
2026-04-03 11:00:00,77.517,22.25,56.73,2.93,4.6,0,0.0
2026-04-03 12:00:00,71.669,23.08,65.11,1.43,0.0,0,0.0
2026-04-03 13:00:00,72.938,22.41,67.05,1.62,0.0,0,0.0
2026-04-03 14:00:00,76.251,23.64,64.13,0.8,4.53,0,0.0
2026-04-03 15:00:00,75.175,28.41,53.96,1.59,2.65,0,0.0
2026-04-03 16:00:00,78.351,26.59,63.55,0.1,0.0,0,0.0
2026-04-03 17:00:00,78.85,26.7,55.72,0.19,0.0,0,0.0
2026-04-03 18:00:00,79.891,29.98,61.4,1.02,3.42,0,0.0
2026-04-03 19:00:00,85.697,29.0,59.11,0.37,0.0,0,0.0
2026-04-03 20:00:00,85.734,29.49,55.8,0.34,0.0,0,0.0
2026-04-03 21:00:00,82.465,28.5,52.15,1.68,9.82,0,0.0
2026-04-03 22:00:00,86.227,27.88,63.68,2.02,9.93,0,0.0
2026-04-03 23:00:00,73.783,27.42,65.64,2.25,0.0,0,0.0
2026-04-04 00:00:00,65.103,25.14,62.91,2.71,0.0,0,0.0
2026-04-04 01:00:00,66.202,25.73,67.03,2.45,5.95,0,0.0
2026-04-04 02:00:00,68.8,25.15,66.92,2.83,0.0,0,0.0
2026-04-04 03:00:00,63.997,25.98,55.33,2.87,0.0,0,0.0
2026-04-04 04:00:00,60.169,22.9,65.23,3.6,0.0,0,0.0
2026-04-04 05:00:00,67.633,19.17,61.74,3.33,2.94,0,0.0
2026-04-04 06:00:00,73.076,21.22,62.58,3.44,7.26,0,0.0
2026-04-04 07:00:00,68.033,24.22,55.82,4.01,11.5,0,0.0
2026-04-04 08:00:00,73.668,21.84,69.52,4.21,0.0,0,0.0
2026-04-04 09:00:00,74.503,19.96,66.92,3.5,0.0,0,0.0
2026-04-04 10:00:00,70.68,22.04,58.78,4.03,0.0,1,130.9
2026-04-04 11:00:00,66.054,21.08,60.92,2.16,8.81,0,0.0
2026-04-04 12:00:00,66.994,21.17,61.63,1.1,0.0,0,0.0
2026-04-04 13:00:00,66.197,23.34,65.21,2.24,0.0,0,0.0
2026-04-04 14:00:00,72.63,24.91,66.94,0.99,0.0,0,0.0
2026-04-04 15:00:00,71.299,23.59,58.67,0.98,5.24,0,0.0
2026-04-04 16:00:00,72.586,25.42,59.84,0.1,0.0,0,0.0
2026-04-04 17:00:00,77.941,27.64,60.31,0.21,6.5,0,0.0
2026-04-04 18:00:00,83.781,27.77,57.24,0.1,10.7,0,0.0
2026-04-04 19:00:00,81.194,29.14,58.08,0.49,0.0,0,0.0
2026-04-04 20:00:00,80.276,27.34,53.18,0.66,9.96,0,0.0
2026-04-04 21:00:00,79.743,29.52,52.8,1.19,6.93,0,0.0
2026-04-04 22:00:00,72.145,26.84,57.91,2.19,0.0,0,0.0
2026-04-04 23:00:00,66.515,29.6,63.97,2.22,6.24,0,0.0
2026-04-05 00:00:00,63.967,24.74,58.4,1.23,0.0,1,84.9
2026-04-05 01:00:00,63.585,24.52,57.03,2.95,0.0,0,0.0
2026-04-05 02:00:00,63.587,25.3,63.96,3.02,0.0,0,0.0
2026-04-05 03:00:00,65.518,25.76,66.78,3.2,9.58,0,0.0
2026-04-05 04:00:00,63.227,23.17,60.98,3.49,0.0,0,0.0
2026-04-05 05:00:00,66.068,22.64,54.54,3.77,0.0,0,0.0
2026-04-05 06:00:00,67.448,21.35,65.51,3.28,6.86,0,0.0
2026-04-05 07:00:00,71.004,19.7,62.41,3.54,0.0,0,0.0
2026-04-05 08:00:00,67.734,20.21,65.98,4.21,0.0,0,0.0
2026-04-05 09:00:00,74.388,19.48,60.48,2.84,7.83,0,0.0
2026-04-05 10:00:00,75.321,19.8,56.16,2.33,15.71,0,0.0
2026-04-05 11:00:00,72.094,22.45,59.7,2.55,0.0,0,0.0
2026-04-05 12:00:00,65.891,21.45,65.7,1.52,0.0,0,0.0
2026-04-05 13:00:00,65.188,24.14,59.41,0.78,0.0,0,0.0
2026-04-05 14:00:00,64.839,23.23,57.35,1.24,2.61,0,0.0
2026-04-05 15:00:00,71.331,26.19,59.25,2.01,7.58,0,0.0
2026-04-05 16:00:00,74.768,26.21,63.56,0.88,0.0,0,0.0
2026-04-05 17:00:00,72.45,29.31,52.2,0.86,0.0,0,0.0
2026-04-05 18:00:00,82.554,28.65,61.19,0.1,11.18,0,0.0
2026-04-05 19:00:00,82.943,30.14,59.92,1.01,0.0,0,0.0
2026-04-05 20:00:00,79.469,27.89,56.83,0.96,0.0,0,0.0
2026-04-05 21:00:00,81.335,28.73,65.32,0.74,10.12,0,0.0
2026-04-05 22:00:00,70.54,27.08,65.17,1.56,0.0,0,0.0
2026-04-05 23:00:00,71.313,27.13,56.47,1.91,5.46,1,44.9
2026-04-06 00:00:00,67.598,26.48,52.58,1.56,0.0,0,0.0
2026-04-06 01:00:00,69.222,24.96,57.65,2.79,6.14,0,0.0
2026-04-06 02:00:00,67.925,23.34,57.07,3.67,0.0,0,0.0
2026-04-06 03:00:00,70.465,22.06,62.97,3.12,10.12,0,0.0
2026-04-06 04:00:00,68.071,19.99,69.79,2.98,0.0,0,0.0
2026-04-06 05:00:00,67.977,20.7,68.64,3.54,0.0,0,0.0
2026-04-06 06:00:00,74.418,22.08,59.34,4.21,0.0,0,0.0
2026-04-06 07:00:00,71.224,19.01,63.02,2.91,0.0,0,0.0
2026-04-06 08:00:00,76.231,19.15,57.06,3.85,0.0,0,0.0
2026-04-06 09:00:00,84.573,23.08,62.31,2.85,6.97,0,0.0
2026-04-06 10:00:00,78.978,20.57,56.61,3.1,0.0,0,0.0
2026-04-06 11:00:00,77.237,22.35,68.67,2.25,0.0,0,0.0
2026-04-06 12:00:00,74.807,23.56,66.87,1.86,0.0,0,0.0
2026-04-06 13:00:00,73.275,24.55,56.48,2.73,3.68,0,0.0
2026-04-06 14:00:00,71.761,22.97,64.71,0.6,0.95,0,0.0
2026-04-06 15:00:00,81.059,25.55,61.19,1.43,18.81,0,0.0
2026-04-06 16:00:00,82.821,24.85,65.11,1.94,6.16,0,0.0
2026-04-06 17:00:00,86.61,30.56,56.8,1.16,8.37,0,0.0
2026-04-06 18:00:00,86.75,26.34,55.07,0.1,0.0,0,0.0
2026-04-06 19:00:00,89.982,27.4,61.16,0.1,1.3,0,0.0
2026-04-06 20:00:00,85.776,27.55,52.68,0.45,4.75,0,0.0
2026-04-06 21:00:00,84.584,26.86,60.65,1.23,4.32,0,0.0
2026-04-06 22:00:00,74.368,29.88,53.26,1.59,0.0,0,0.0
2026-04-06 23:00:00,82.025,30.53,59.96,1.05,0.0,0,0.0
2026-04-07 00:00:00,74.006,26.22,64.69,1.68,21.18,1,66.0
2026-04-07 01:00:00,69.031,24.24,55.1,2.1,0.0,0,0.0
2026-04-07 02:00:00,66.649,22.11,60.74,2.84,0.0,0,0.0
2026-04-07 03:00:00,69.405,23.46,64.93,4.45,6.18,0,0.0
2026-04-07 04:00:00,67.774,22.41,57.01,2.94,0.0,0,0.0
2026-04-07 05:00:00,67.063,21.18,63.79,3.06,0.0,0,0.0
2026-04-07 06:00:00,66.268,21.59,65.12,3.02,0.0,0,0.0
2026-04-07 07:00:00,77.362,21.4,60.48,4.03,0.0,0,0.0
2026-04-07 08:00:00,78.634,21.18,67.77,3.47,0.0,0,0.0
2026-04-07 09:00:00,75.302,20.55,63.33,2.72,0.0,0,0.0
2026-04-07 10:00:00,78.13,20.01,65.4,2.73,0.0,0,0.0
2026-04-07 11:00:00,78.129,22.76,56.46,2.11,4.19,0,0.0
2026-04-07 12:00:00,71.091,22.81,54.66,2.38,0.0,0,0.0
2026-04-07 13:00:00,73.304,24.82,53.87,3.42,0.0,0,0.0
2026-04-07 14:00:00,79.748,25.74,66.12,1.78,9.56,0,0.0
2026-04-07 15:00:00,72.752,24.12,66.77,1.08,0.0,0,0.0
2026-04-07 16:00:00,80.903,25.07,65.07,0.5,0.0,0,0.0
2026-04-07 17:00:00,83.72,26.71,54.97,0.1,1.87,0,0.0
2026-04-07 18:00:00,90.054,26.99,59.69,1.14,0.0,0,0.0
2026-04-07 19:00:00,88.426,29.56,62.21,1.16,0.0,0,0.0
2026-04-07 20:00:00,86.526,29.21,60.59,0.62,5.73,0,0.0
2026-04-07 21:00:00,81.736,29.97,51.75,1.87,0.0,0,0.0
2026-04-07 22:00:00,85.057,28.73,64.19,1.46,0.0,0,0.0
2026-04-07 23:00:00,74.389,27.87,53.69,2.28,0.0,0,0.0
2026-04-08 00:00:00,71.572,28.23,53.64,2.38,7.22,0,0.0
2026-04-08 01:00:00,68.247,26.39,65.68,2.48,0.0,0,0.0
2026-04-08 02:00:00,70.843,24.87,60.35,2.38,0.0,0,0.0
2026-04-08 03:00:00,71.175,25.53,58.28,3.17,0.0,0,0.0
2026-04-08 04:00:00,70.894,22.93,62.55,4.0,6.47,0,0.0
2026-04-08 05:00:00,69.827,21.59,69.76,3.34,0.0,0,0.0
2026-04-08 06:00:00,70.407,20.32,57.6,3.96,0.0,0,0.0
2026-04-08 07:00:00,72.057,21.77,66.29,3.0,4.23,0,0.0
2026-04-08 08:00:00,76.902,22.27,59.65,3.97,0.0,0,0.0
2026-04-08 09:00:00,77.236,20.86,57.24,3.45,0.0,0,0.0
2026-04-08 10:00:00,74.995,22.89,60.59,2.23,0.0,0,0.0
2026-04-08 11:00:00,70.455,19.6,64.47,2.45,0.0,0,0.0
2026-04-08 12:00:00,78.451,22.72,57.46,2.76,16.17,0,0.0
2026-04-08 13:00:00,73.5,23.7,59.86,1.06,0.0,1,63.5
2026-04-08 14:00:00,76.541,23.92,63.19,0.81,6.05,1,30.9
2026-04-08 15:00:00,73.958,28.68,59.44,1.1,0.0,0,0.0
2026-04-08 16:00:00,80.628,26.71,62.82,2.18,0.0,0,0.0
2026-04-08 17:00:00,83.619,27.13,64.27,0.35,2.72,0,0.0
2026-04-08 18:00:00,87.492,28.28,57.17,1.0,0.0,0,0.0
2026-04-08 19:00:00,83.635,26.25,58.6,0.91,0.0,0,0.0
2026-04-08 20:00:00,91.378,27.88,58.72,0.55,10.33,0,0.0
2026-04-08 21:00:00,87.636,29.83,58.6,1.24,2.44,0,0.0
2026-04-08 22:00:00,78.956,27.5,53.13,1.18,0.0,0,0.0
2026-04-08 23:00:00,76.359,26.62,56.72,1.6,0.0,0,0.0
2026-04-09 00:00:00,70.895,28.36,53.57,1.2,3.28,0,0.0
2026-04-09 01:00:00,65.627,27.43,57.33,2.57,0.0,0,0.0
2026-04-09 02:00:00,69.974,25.4,67.36,3.49,7.52,0,0.0
2026-04-09 03:00:00,68.841,23.2,62.82,3.3,0.0,0,0.0
2026-04-09 04:00:00,73.835,22.5,60.94,4.15,0.0,0,0.0
2026-04-09 05:00:00,68.303,20.99,63.89,4.0,3.83,0,0.0
2026-04-09 06:00:00,76.375,20.13,65.96,3.66,0.0,0,0.0
2026-04-09 07:00:00,74.297,19.67,62.72,3.27,1.37,0,0.0
2026-04-09 08:00:00,76.463,20.04,62.69,3.21,0.0,0,0.0
2026-04-09 09:00:00,82.942,19.68,66.71,2.38,7.1,0,0.0
2026-04-09 10:00:00,83.199,19.44,57.25,2.79,6.9,0,0.0
2026-04-09 11:00:00,76.396,22.22,62.77,2.68,0.0,0,0.0
2026-04-09 12:00:00,76.544,23.07,62.37,3.23,0.0,0,0.0
2026-04-09 13:00:00,73.929,25.79,63.88,2.13,9.29,0,0.0
2026-04-09 14:00:00,72.94,23.98,68.35,0.93,0.0,0,0.0
2026-04-09 15:00:00,75.414,26.17,64.23,0.28,7.8,0,0.0
2026-04-09 16:00:00,78.068,27.16,59.26,0.78,0.0,0,0.0
2026-04-09 17:00:00,85.452,27.31,54.16,1.24,5.91,0,0.0
2026-04-09 18:00:00,86.228,29.14,59.34,0.57,0.0,0,0.0
2026-04-09 19:00:00,92.709,29.58,62.77,1.08,4.35,0,0.0
2026-04-09 20:00:00,91.346,29.18,64.48,0.79,0.0,0,0.0
2026-04-09 21:00:00,82.993,28.34,63.38,1.57,0.0,0,0.0
2026-04-09 22:00:00,77.122,27.82,54.14,0.49,0.0,0,0.0
2026-04-09 23:00:00,78.768,25.97,63.11,2.77,0.0,0,0.0
2026-04-10 00:00:00,73.805,25.81,65.71,1.53,6.47,0,0.0
2026-04-10 01:00:00,71.122,25.07,63.17,3.06,5.58,0,0.0
2026-04-10 02:00:00,70.024,23.43,64.23,2.79,0.0,0,0.0
2026-04-10 03:00:00,70.876,24.27,60.94,3.19,3.75,0,0.0
2026-04-10 04:00:00,66.808,24.22,63.03,3.35,0.0,0,0.0
2026-04-10 05:00:00,66.67,20.86,59.9,3.8,0.0,0,0.0
2026-04-10 06:00:00,71.462,21.66,56.34,3.97,0.0,0,0.0
2026-04-10 07:00:00,74.45,19.67,68.61,4.28,0.0,0,0.0
2026-04-10 08:00:00,78.024,20.41,69.9,4.34,0.0,0,0.0
2026-04-10 09:00:00,77.715,20.09,68.8,3.46,0.0,0,0.0
2026-04-10 10:00:00,72.533,22.04,59.79,3.98,0.0,0,0.0
2026-04-10 11:00:00,69.254,21.14,56.72,2.64,0.0,0,0.0
2026-04-10 12:00:00,75.182,23.99,57.81,2.85,0.0,0,0.0
2026-04-10 13:00:00,71.628,23.45,66.57,2.07,0.0,0,0.0
2026-04-10 14:00:00,73.191,24.0,63.44,1.12,0.0,0,0.0
2026-04-10 15:00:00,78.224,24.31,67.91,1.25,10.45,0,0.0
2026-04-10 16:00:00,76.818,27.08,56.89,1.2,0.0,0,0.0
2026-04-10 17:00:00,80.649,28.68,59.06,0.73,0.0,0,0.0
2026-04-10 18:00:00,90.511,28.57,62.71,0.95,6.78,0,0.0
2026-04-10 19:00:00,87.896,31.33,52.71,1.27,7.01,1,94.8
2026-04-10 20:00:00,87.997,30.5,64.16,0.89,0.0,0,0.0
2026-04-10 21:00:00,86.842,28.27,59.92,0.1,6.49,0,0.0
2026-04-10 22:00:00,79.342,27.86,51.4,2.46,0.0,0,0.0
2026-04-10 23:00:00,77.101,28.17,51.47,1.63,0.0,0,0.0
2026-04-11 00:00:00,64.931,25.77,65.77,1.71,5.66,0,0.0
2026-04-11 01:00:00,68.027,27.21,61.35,1.91,5.24,0,0.0
2026-04-11 02:00:00,65.142,25.21,64.32,2.75,0.0,0,0.0
2026-04-11 03:00:00,69.005,24.05,65.33,2.92,11.14,0,0.0
2026-04-11 04:00:00,61.03,23.6,60.15,3.06,0.0,0,0.0
2026-04-11 05:00:00,66.003,24.01,65.57,3.24,0.0,0,0.0
2026-04-11 06:00:00,62.752,21.52,69.15,4.02,0.0,0,0.0
2026-04-11 07:00:00,73.76,20.78,58.12,4.87,5.54,0,0.0
2026-04-11 08:00:00,70.26,22.59,65.91,3.99,0.0,1,106.9
2026-04-11 09:00:00,72.14,22.07,59.37,3.93,4.66,0,0.0
2026-04-11 10:00:00,67.715,20.93,60.27,2.72,0.0,0,0.0
2026-04-11 11:00:00,71.286,21.95,61.02,2.65,5.9,0,0.0
2026-04-11 12:00:00,67.919,23.01,67.15,2.46,0.0,0,0.0
2026-04-11 13:00:00,71.192,24.17,53.83,1.42,0.0,0,0.0
2026-04-11 14:00:00,75.191,23.15,60.62,1.19,17.37,0,0.0
2026-04-11 15:00:00,69.22,23.96,63.83,1.65,0.0,0,0.0
2026-04-11 16:00:00,70.146,25.71,54.23,1.56,4.1,1,117.2
2026-04-11 17:00:00,75.112,26.45,64.02,0.79,10.78,0,0.0
2026-04-11 18:00:00,77.951,27.47,65.65,0.1,0.0,0,0.0
2026-04-11 19:00:00,77.11,29.4,51.72,0.57,0.0,0,0.0
2026-04-11 20:00:00,80.908,28.57,53.15,0.1,1.93,0,0.0
2026-04-11 21:00:00,80.255,28.87,65.29,1.18,8.35,0,0.0
2026-04-11 22:00:00,74.642,26.77,54.91,1.6,4.67,0,0.0
2026-04-11 23:00:00,67.164,27.05,52.95,1.65,0.0,0,0.0
2026-04-12 00:00:00,63.88,27.47,65.8,2.35,0.0,0,0.0
2026-04-12 01:00:00,60.616,26.52,65.48,2.84,2.8,0,0.0
2026-04-12 02:00:00,62.539,23.9,63.5,3.1,0.0,0,0.0
2026-04-12 03:00:00,64.979,23.93,61.91,2.54,0.0,0,0.0
2026-04-12 04:00:00,63.422,25.41,66.54,3.35,0.0,0,0.0
2026-04-12 05:00:00,69.019,21.92,64.68,3.89,10.12,0,0.0
2026-04-12 06:00:00,61.848,20.47,65.59,4.65,0.0,0,0.0
2026-04-12 07:00:00,64.938,20.7,68.24,3.49,1.65,0,0.0
2026-04-12 08:00:00,73.064,20.88,65.27,3.83,2.68,0,0.0
2026-04-12 09:00:00,74.695,20.72,63.12,3.79,0.0,0,0.0
2026-04-12 10:00:00,70.675,21.27,61.09,2.83,0.0,0,0.0
2026-04-12 11:00:00,76.239,20.21,63.42,3.28,4.5,0,0.0
2026-04-12 12:00:00,64.296,21.61,62.87,2.92,0.0,0,0.0
2026-04-12 13:00:00,65.363,23.55,59.28,2.64,0.0,0,0.0
2026-04-12 14:00:00,68.367,24.57,59.98,1.73,0.0,0,0.0
2026-04-12 15:00:00,71.984,25.13,64.95,2.56,0.0,0,0.0
2026-04-12 16:00:00,72.177,26.56,58.31,0.53,0.0,0,0.0
2026-04-12 17:00:00,73.928,27.67,51.78,2.03,0.0,0,0.0
2026-04-12 18:00:00,84.163,29.3,54.66,1.16,9.57,0,0.0
2026-04-12 19:00:00,80.87,28.51,54.37,1.56,0.0,0,0.0
2026-04-12 20:00:00,80.972,29.25,62.35,0.71,4.47,0,0.0
2026-04-12 21:00:00,78.458,27.98,57.95,1.65,0.0,0,0.0
2026-04-12 22:00:00,74.286,28.92,54.85,2.31,3.51,0,0.0
2026-04-12 23:00:00,70.398,28.05,63.33,1.16,0.0,0,0.0
2026-04-13 00:00:00,67.192,27.8,51.61,2.1,0.0,0,0.0
2026-04-13 01:00:00,68.271,26.65,54.62,1.3,8.55,0,0.0
2026-04-13 02:00:00,67.847,25.47,65.12,2.84,4.85,0,0.0
2026-04-13 03:00:00,69.63,23.61,62.09,2.77,8.62,0,0.0
2026-04-13 04:00:00,69.408,23.06,65.77,3.37,0.0,0,0.0
2026-04-13 05:00:00,73.671,23.21,66.65,5.4,25.18,0,0.0
2026-04-13 06:00:00,75.076,20.52,69.82,4.73,0.0,0,0.0
2026-04-13 07:00:00,73.89,20.15,56.86,2.79,0.0,0,0.0
2026-04-13 08:00:00,74.503,20.98,67.4,3.83,0.0,0,0.0
2026-04-13 09:00:00,82.001,21.4,65.79,3.74,0.0,0,0.0
2026-04-13 10:00:00,77.334,20.31,58.92,2.75,2.85,0,0.0
2026-04-13 11:00:00,72.521,21.85,68.87,2.7,0.0,0,0.0
2026-04-13 12:00:00,77.274,22.65,60.47,2.37,0.0,0,0.0
2026-04-13 13:00:00,76.436,21.07,68.67,1.0,0.0,0,0.0
2026-04-13 14:00:00,71.465,24.5,62.38,0.83,0.0,0,0.0
2026-04-13 15:00:00,76.406,25.61,60.54,1.24,4.17,0,0.0
2026-04-13 16:00:00,77.603,26.57,54.45,0.96,0.0,0,0.0
2026-04-13 17:00:00,78.874,29.29,64.14,0.33,0.0,0,0.0
2026-04-13 18:00:00,87.206,26.77,60.29,0.22,3.51,0,0.0
2026-04-13 19:00:00,89.627,27.64,51.51,0.7,6.42,0,0.0
2026-04-13 20:00:00,88.846,25.63,52.9,1.43,9.38,0,0.0
2026-04-13 21:00:00,83.287,28.05,62.83,1.09,0.0,0,0.0
2026-04-13 22:00:00,81.937,27.75,53.78,2.42,2.77,0,0.0
2026-04-13 23:00:00,72.957,26.98,60.79,1.39,0.0,0,0.0
2026-04-14 00:00:00,73.199,28.09,61.36,2.32,0.0,0,0.0
2026-04-14 01:00:00,67.695,26.82,56.1,2.38,5.65,0,0.0
2026-04-14 02:00:00,68.469,24.85,61.63,3.3,6.3,0,0.0
2026-04-14 03:00:00,68.288,23.28,57.64,2.79,6.27,0,0.0
2026-04-14 04:00:00,69.401,23.99,67.8,4.66,4.43,0,0.0
2026-04-14 05:00:00,70.183,21.9,67.76,2.63,0.0,0,0.0
2026-04-14 06:00:00,71.123,20.31,60.13,4.73,0.0,0,0.0
2026-04-14 07:00:00,74.702,18.83,64.63,3.7,0.0,0,0.0
2026-04-14 08:00:00,74.574,20.23,63.37,3.83,0.0,1,169.8
2026-04-14 09:00:00,79.965,21.8,69.32,4.06,3.9,0,0.0
2026-04-14 10:00:00,74.368,24.02,59.5,3.46,0.0,0,0.0
2026-04-14 11:00:00,77.147,22.0,63.23,2.15,0.0,0,0.0
2026-04-14 12:00:00,75.827,21.84,68.83,2.56,0.0,0,0.0
2026-04-14 13:00:00,73.14,22.3,57.06,2.93,3.51,0,0.0
2026-04-14 14:00:00,72.416,25.42,61.01,0.92,0.94,0,0.0
2026-04-14 15:00:00,75.869,23.67,55.38,2.41,0.0,0,0.0
2026-04-14 16:00:00,77.309,27.42,60.81,1.13,0.0,0,0.0
2026-04-14 17:00:00,85.663,28.57,56.35,0.49,9.65,0,0.0
2026-04-14 18:00:00,86.421,28.74,65.27,0.16,2.04,0,0.0
2026-04-14 19:00:00,92.854,28.36,57.22,0.62,0.0,0,0.0
2026-04-14 20:00:00,81.948,29.43,52.38,0.1,0.0,0,0.0
2026-04-14 21:00:00,76.707,28.83,63.21,0.89,0.0,0,0.0
2026-04-14 22:00:00,81.508,27.29,63.94,1.29,11.42,0,0.0
2026-04-14 23:00:00,72.622,29.81,60.54,1.17,2.13,0,0.0
2026-04-15 00:00:00,66.719,26.33,63.44,2.65,0.0,1,127.6
2026-04-15 01:00:00,64.642,26.72,55.94,2.46,0.0,0,0.0
2026-04-15 02:00:00,66.311,21.85,64.52,2.57,2.0,0,0.0
2026-04-15 03:00:00,65.108,25.25,53.42,3.07,0.0,0,0.0
2026-04-15 04:00:00,71.03,24.51,56.25,3.71,0.0,0,0.0
2026-04-15 05:00:00,70.65,21.96,68.81,3.69,0.0,0,0.0
2026-04-15 06:00:00,77.391,21.96,65.91,3.28,7.11,0,0.0
2026-04-15 07:00:00,74.351,21.56,58.53,3.72,0.0,0,0.0
2026-04-15 08:00:00,78.32,19.98,57.68,3.47,0.0,0,0.0
2026-04-15 09:00:00,77.567,21.54,69.31,2.58,0.0,0,0.0
2026-04-15 10:00:00,81.366,20.32,57.49,2.78,3.87,0,0.0
2026-04-15 11:00:00,77.062,21.19,59.14,2.94,3.77,0,0.0
2026-04-15 12:00:00,73.784,24.1,56.28,2.54,8.54,0,0.0
2026-04-15 13:00:00,73.719,24.88,53.18,1.67,0.0,0,0.0
2026-04-15 14:00:00,73.281,23.9,58.37,1.86,0.0,0,0.0
2026-04-15 15:00:00,77.815,24.9,67.67,0.55,5.96,0,0.0
2026-04-15 16:00:00,79.174,25.98,57.54,0.33,0.0,0,0.0
2026-04-15 17:00:00,87.229,28.46,58.49,0.6,8.28,0,0.0
2026-04-15 18:00:00,80.347,27.01,62.98,1.6,0.0,0,0.0
2026-04-15 19:00:00,85.68,29.04,58.84,0.85,0.0,0,0.0
2026-04-15 20:00:00,92.559,29.65,61.37,0.74,16.36,0,0.0
2026-04-15 21:00:00,83.691,28.51,60.82,2.07,0.0,0,0.0
2026-04-15 22:00:00,76.79,29.43,59.47,1.28,0.0,0,0.0
2026-04-15 23:00:00,71.35,27.21,61.42,3.15,4.62,0,0.0
2026-04-16 00:00:00,72.874,26.49,64.1,1.89,0.0,0,0.0
2026-04-16 01:00:00,69.638,24.6,63.89,1.98,6.05,0,0.0
2026-04-16 02:00:00,75.36,25.96,64.3,2.85,9.65,0,0.0
2026-04-16 03:00:00,69.616,22.79,56.51,3.11,0.0,0,0.0
2026-04-16 04:00:00,67.189,23.16,64.27,3.01,0.0,0,0.0
2026-04-16 05:00:00,64.201,21.83,65.96,5.21,0.0,0,0.0
2026-04-16 06:00:00,73.318,20.01,60.49,3.89,9.35,0,0.0
2026-04-16 07:00:00,76.622,20.15,69.03,3.93,5.59,0,0.0
2026-04-16 08:00:00,78.345,22.4,59.13,3.22,2.16,0,0.0
2026-04-16 09:00:00,74.428,21.12,58.99,2.91,0.0,0,0.0
2026-04-16 10:00:00,77.758,20.07,68.97,3.57,0.0,0,0.0
2026-04-16 11:00:00,75.305,22.28,58.34,1.58,0.0,0,0.0
2026-04-16 12:00:00,75.793,22.57,60.69,1.51,0.0,0,0.0
2026-04-16 13:00:00,72.293,27.85,56.81,1.66,0.0,0,0.0
2026-04-16 14:00:00,77.282,25.08,66.42,2.26,6.51,0,0.0
2026-04-16 15:00:00,76.518,25.32,59.64,0.91,0.0,0,0.0
2026-04-16 16:00:00,81.94,28.45,61.35,1.15,0.0,0,0.0
2026-04-16 17:00:00,80.872,25.36,64.69,0.77,0.0,0,0.0
2026-04-16 18:00:00,77.935,28.32,60.43,1.48,0.0,0,0.0
2026-04-16 19:00:00,87.989,31.0,63.56,0.1,4.03,0,0.0
2026-04-16 20:00:00,89.883,28.6,62.88,1.34,15.2,0,0.0
2026-04-16 21:00:00,79.539,26.53,58.09,1.02,0.0,0,0.0
2026-04-16 22:00:00,76.137,27.73,65.62,2.0,0.0,0,0.0
2026-04-16 23:00:00,74.504,29.32,58.28,1.32,0.0,0,0.0
2026-04-17 00:00:00,67.245,27.19,52.03,2.21,0.0,0,0.0
2026-04-17 01:00:00,70.339,24.76,57.04,2.53,8.24,0,0.0
2026-04-17 02:00:00,62.458,23.91,62.98,2.35,0.0,0,0.0
2026-04-17 03:00:00,63.281,23.03,56.54,2.49,0.0,0,0.0
2026-04-17 04:00:00,74.714,23.17,62.86,3.15,9.55,0,0.0
2026-04-17 05:00:00,69.611,23.51,59.32,3.73,0.0,0,0.0
2026-04-17 06:00:00,72.306,22.53,62.5,3.25,0.0,0,0.0
2026-04-17 07:00:00,73.046,21.42,55.18,3.45,8.36,0,0.0
2026-04-17 08:00:00,77.887,19.14,69.24,2.37,3.04,0,0.0
2026-04-17 09:00:00,76.213,19.28,61.86,3.04,0.0,0,0.0
2026-04-17 10:00:00,74.889,21.91,56.96,3.56,0.0,0,0.0
2026-04-17 11:00:00,71.245,20.29,62.39,3.01,0.0,0,0.0
2026-04-17 12:00:00,72.765,22.46,61.81,2.15,5.08,0,0.0
2026-04-17 13:00:00,80.574,24.06,63.12,1.96,8.81,0,0.0
2026-04-17 14:00:00,75.538,23.37,61.85,0.95,9.88,0,0.0
2026-04-17 15:00:00,79.118,24.54,53.93,2.11,6.89,0,0.0
2026-04-17 16:00:00,80.778,26.62,65.1,2.14,4.93,0,0.0
2026-04-17 17:00:00,81.963,28.17,57.95,0.85,0.0,0,0.0
2026-04-17 18:00:00,85.239,29.47,51.47,2.25,6.38,0,0.0
2026-04-17 19:00:00,90.271,29.33,62.0,0.34,0.0,0,0.0
2026-04-17 20:00:00,86.636,28.82,60.61,0.15,0.0,0,0.0
2026-04-17 21:00:00,80.965,27.7,61.12,0.71,0.0,0,0.0
2026-04-17 22:00:00,78.029,26.91,58.26,1.32,0.0,0,0.0
2026-04-17 23:00:00,80.638,26.95,57.99,3.2,8.24,0,0.0
2026-04-18 00:00:00,55.701,27.22,59.71,2.03,0.0,0,0.0
2026-04-18 01:00:00,62.748,26.16,53.06,2.07,0.0,0,0.0
2026-04-18 02:00:00,68.407,22.21,59.16,2.41,16.97,0,0.0
2026-04-18 03:00:00,61.494,22.75,69.17,3.94,0.0,0,0.0
2026-04-18 04:00:00,67.209,24.17,63.43,4.1,10.23,0,0.0
2026-04-18 05:00:00,67.201,21.99,61.09,3.36,4.89,0,0.0
2026-04-18 06:00:00,62.9,19.56,59.6,2.57,0.0,0,0.0
2026-04-18 07:00:00,71.855,23.69,64.96,2.97,0.0,0,0.0
2026-04-18 08:00:00,72.2,20.69,59.49,4.53,2.25,0,0.0
2026-04-18 09:00:00,74.383,21.32,57.64,3.67,10.59,1,50.1
2026-04-18 10:00:00,71.704,21.74,57.27,2.99,1.72,0,0.0
2026-04-18 11:00:00,71.735,21.46,66.07,3.71,0.0,0,0.0
2026-04-18 12:00:00,73.856,21.85,64.53,3.37,0.0,0,0.0
2026-04-18 13:00:00,71.39,26.24,53.31,1.79,9.88,0,0.0
2026-04-18 14:00:00,69.658,25.93,54.17,1.44,0.0,0,0.0
2026-04-18 15:00:00,71.201,26.75,61.46,0.79,0.0,0,0.0
2026-04-18 16:00:00,78.678,27.42,60.12,0.73,0.0,0,0.0
2026-04-18 17:00:00,73.695,26.35,62.48,0.1,0.0,0,0.0
2026-04-18 18:00:00,75.244,29.72,52.84,0.1,0.0,0,0.0
2026-04-18 19:00:00,81.501,27.58,62.35,0.1,0.0,0,0.0
2026-04-18 20:00:00,82.287,29.07,64.6,1.55,0.0,0,0.0
2026-04-18 21:00:00,74.599,26.62,61.04,0.2,12.7,0,0.0
2026-04-18 22:00:00,74.387,25.74,55.5,2.62,4.59,0,0.0
2026-04-18 23:00:00,70.889,27.94,61.43,1.37,2.84,0,0.0
2026-04-19 00:00:00,64.181,25.75,57.7,3.24,0.0,0,0.0
2026-04-19 01:00:00,66.257,23.36,54.72,2.37,11.87,0,0.0
2026-04-19 02:00:00,57.826,25.37,57.32,2.01,0.0,0,0.0
2026-04-19 03:00:00,61.91,26.23,65.85,4.03,3.19,0,0.0
2026-04-19 04:00:00,61.375,24.38,59.54,4.34,0.0,0,0.0
2026-04-19 05:00:00,67.652,21.58,68.02,3.11,2.39,0,0.0
2026-04-19 06:00:00,67.538,21.26,62.87,3.5,0.0,0,0.0
2026-04-19 07:00:00,67.634,21.92,62.6,3.11,0.0,0,0.0
2026-04-19 08:00:00,70.914,22.06,54.84,3.43,0.0,0,0.0
2026-04-19 09:00:00,69.54,20.44,65.29,3.33,0.0,0,0.0
2026-04-19 10:00:00,75.917,21.29,56.84,2.74,0.0,0,0.0
2026-04-19 11:00:00,71.112,22.25,61.83,1.5,0.0,0,0.0
2026-04-19 12:00:00,69.63,23.38,57.88,1.85,0.0,0,0.0
2026-04-19 13:00:00,70.49,23.52,59.77,2.23,0.0,0,0.0
2026-04-19 14:00:00,70.632,24.57,61.31,1.32,0.0,0,0.0
2026-04-19 15:00:00,69.936,27.41,51.77,0.94,0.0,0,0.0
2026-04-19 16:00:00,73.112,28.17,55.37,0.34,0.0,0,0.0
2026-04-19 17:00:00,81.239,28.12,65.97,0.39,0.0,0,0.0
2026-04-19 18:00:00,79.525,30.24,50.71,1.55,0.0,0,0.0
2026-04-19 19:00:00,78.69,28.12,55.92,0.1,0.0,1,57.0
2026-04-19 20:00:00,85.497,30.66,54.42,1.33,2.28,0,0.0
2026-04-19 21:00:00,78.033,29.23,56.15,1.17,10.58,0,0.0
2026-04-19 22:00:00,70.168,32.11,59.01,1.6,0.0,0,0.0
2026-04-19 23:00:00,72.095,26.11,56.05,1.37,0.0,0,0.0
2026-04-20 00:00:00,66.173,25.88,59.38,1.99,0.0,0,0.0
2026-04-20 01:00:00,69.44,26.24,61.93,2.58,0.0,0,0.0
2026-04-20 02:00:00,72.387,25.18,57.72,2.64,0.0,0,0.0
2026-04-20 03:00:00,66.583,26.01,66.62,3.46,2.8,0,0.0
2026-04-20 04:00:00,69.334,21.91,69.55,3.77,0.0,0,0.0
2026-04-20 05:00:00,75.094,22.96,56.02,4.95,5.87,0,0.0
2026-04-20 06:00:00,73.714,22.64,59.57,3.87,0.0,0,0.0
2026-04-20 07:00:00,73.734,21.69,58.11,2.5,0.0,0,0.0
2026-04-20 08:00:00,83.932,19.55,59.07,4.2,6.48,0,0.0
2026-04-20 09:00:00,77.468,22.53,61.85,3.14,0.0,0,0.0
2026-04-20 10:00:00,78.129,22.72,62.83,4.16,0.0,0,0.0
2026-04-20 11:00:00,80.668,22.6,60.83,3.47,4.72,0,0.0
2026-04-20 12:00:00,75.573,22.95,58.32,1.9,0.0,0,0.0
2026-04-20 13:00:00,75.722,23.94,57.81,2.24,0.0,0,0.0
2026-04-20 14:00:00,72.02,24.61,68.11,1.09,0.0,1,119.1
2026-04-20 15:00:00,82.846,26.51,65.95,1.14,10.58,0,0.0
2026-04-20 16:00:00,79.662,26.74,53.09,1.31,2.2,0,0.0
2026-04-20 17:00:00,80.951,26.52,61.94,1.42,0.0,0,0.0
2026-04-20 18:00:00,87.42,26.91,58.71,1.24,5.73,0,0.0
2026-04-20 19:00:00,90.414,27.67,61.73,0.8,11.29,0,0.0
2026-04-20 20:00:00,90.267,28.97,59.57,2.39,0.0,0,0.0
2026-04-20 21:00:00,84.322,28.54,64.22,0.92,0.0,0,0.0
2026-04-20 22:00:00,76.674,28.43,51.95,0.49,0.0,0,0.0
2026-04-20 23:00:00,72.969,28.14,56.36,0.96,0.0,0,0.0
2026-04-21 00:00:00,71.97,25.94,67.22,3.08,11.01,0,0.0
2026-04-21 01:00:00,66.531,27.49,54.24,2.54,7.0,0,0.0
2026-04-21 02:00:00,65.655,24.38,55.28,3.05,0.0,0,0.0
2026-04-21 03:00:00,67.885,23.14,65.05,2.94,0.0,0,0.0
2026-04-21 04:00:00,69.361,23.28,65.7,3.23,3.76,0,0.0
2026-04-21 05:00:00,71.865,19.66,66.29,3.18,0.0,0,0.0
2026-04-21 06:00:00,73.091,20.28,67.47,3.98,8.57,0,0.0
2026-04-21 07:00:00,68.765,22.01,65.2,3.59,0.0,0,0.0
2026-04-21 08:00:00,71.598,18.61,58.87,3.76,0.0,0,0.0
2026-04-21 09:00:00,77.784,22.17,63.82,3.46,0.0,0,0.0
2026-04-21 10:00:00,77.395,23.05,65.83,2.69,4.59,0,0.0
2026-04-21 11:00:00,73.534,21.43,68.13,1.71,3.3,0,0.0
2026-04-21 12:00:00,77.978,23.05,57.87,1.27,0.0,0,0.0
2026-04-21 13:00:00,74.379,25.0,54.91,3.63,0.0,0,0.0
2026-04-21 14:00:00,73.737,24.14,65.23,2.34,0.0,0,0.0
2026-04-21 15:00:00,79.315,26.77,55.78,1.94,10.37,0,0.0
2026-04-21 16:00:00,77.737,25.89,52.94,0.5,0.0,0,0.0
2026-04-21 17:00:00,83.699,26.95,64.21,0.76,12.41,0,0.0
2026-04-21 18:00:00,90.387,27.2,59.27,0.21,8.55,0,0.0
2026-04-21 19:00:00,90.948,28.97,55.52,0.1,8.89,0,0.0
2026-04-21 20:00:00,81.342,30.09,50.12,0.55,4.81,0,0.0
2026-04-21 21:00:00,84.296,28.34,51.53,1.94,5.59,0,0.0
2026-04-21 22:00:00,83.845,26.64,63.91,1.95,11.72,0,0.0
2026-04-21 23:00:00,74.663,26.23,59.61,1.23,0.0,0,0.0
2026-04-22 00:00:00,72.91,27.16,53.95,2.01,0.0,0,0.0
2026-04-22 01:00:00,73.074,27.93,56.62,3.04,0.0,0,0.0
2026-04-22 02:00:00,67.05,25.16,55.38,2.61,1.37,0,0.0
2026-04-22 03:00:00,67.008,23.19,55.78,3.31,0.0,0,0.0
2026-04-22 04:00:00,71.521,23.61,57.98,3.74,12.7,1,91.0
2026-04-22 05:00:00,72.811,21.57,63.3,3.88,14.2,0,0.0
2026-04-22 06:00:00,69.259,20.77,58.69,3.85,0.0,0,0.0
2026-04-22 07:00:00,75.39,19.67,61.35,3.26,0.0,0,0.0
2026-04-22 08:00:00,81.67,22.38,61.74,3.17,0.0,0,0.0
2026-04-22 09:00:00,80.882,17.78,63.64,2.58,0.0,0,0.0
2026-04-22 10:00:00,79.886,22.18,56.62,2.01,5.05,0,0.0
2026-04-22 11:00:00,69.045,21.3,55.8,2.52,2.31,0,0.0
2026-04-22 12:00:00,67.99,22.19,55.22,2.69,0.0,0,0.0
2026-04-22 13:00:00,76.836,25.68,57.84,0.98,4.88,0,0.0
2026-04-22 14:00:00,79.373,23.83,64.48,1.61,5.28,0,0.0
2026-04-22 15:00:00,79.576,24.91,55.03,1.61,9.98,0,0.0
2026-04-22 16:00:00,78.834,26.53,63.89,0.1,0.0,0,0.0
2026-04-22 17:00:00,88.053,28.01,61.93,0.59,5.37,0,0.0
2026-04-22 18:00:00,88.292,27.62,51.49,1.69,6.26,0,0.0
2026-04-22 19:00:00,88.259,26.66,52.4,1.08,0.0,1,71.2
2026-04-22 20:00:00,80.17,27.65,54.34,0.1,0.0,0,0.0
2026-04-22 21:00:00,83.14,30.09,50.79,1.53,0.0,0,0.0
2026-04-22 22:00:00,83.714,28.24,59.03,1.0,0.0,1,42.6
2026-04-22 23:00:00,80.502,28.06,51.76,2.23,13.94,0,0.0
2026-04-23 00:00:00,70.908,26.36,64.22,1.79,0.0,0,0.0
2026-04-23 01:00:00,69.811,24.92,60.44,2.56,5.97,0,0.0
2026-04-23 02:00:00,68.863,26.69,62.91,2.63,0.0,0,0.0
2026-04-23 03:00:00,75.163,23.41,65.21,3.26,10.4,0,0.0
2026-04-23 04:00:00,67.046,22.14,62.32,3.16,0.0,0,0.0
2026-04-23 05:00:00,68.904,23.16,67.98,3.51,0.0,0,0.0
2026-04-23 06:00:00,73.391,20.34,70.65,2.99,6.4,0,0.0
2026-04-23 07:00:00,74.243,20.1,61.33,3.94,0.0,0,0.0
2026-04-23 08:00:00,71.998,20.69,57.48,3.6,0.0,0,0.0
2026-04-23 09:00:00,81.033,20.81,60.96,2.29,6.44,0,0.0
2026-04-23 10:00:00,76.037,21.52,58.44,3.55,0.0,0,0.0
2026-04-23 11:00:00,78.471,24.36,61.35,2.48,2.92,0,0.0
2026-04-23 12:00:00,67.962,23.08,59.83,2.3,0.0,0,0.0
2026-04-23 13:00:00,74.45,20.79,62.73,2.27,0.0,0,0.0
2026-04-23 14:00:00,77.286,25.07,64.41,1.65,0.0,0,0.0
2026-04-23 15:00:00,76.599,25.76,56.66,1.84,0.0,0,0.0
2026-04-23 16:00:00,79.31,26.73,60.03,0.72,0.0,0,0.0
2026-04-23 17:00:00,84.615,27.8,56.35,1.37,0.0,0,0.0
2026-04-23 18:00:00,88.926,28.1,62.91,0.77,0.0,0,0.0
2026-04-23 19:00:00,87.847,28.48,60.51,1.06,0.0,0,0.0
2026-04-23 20:00:00,86.225,29.41,50.48,1.14,0.0,0,0.0
2026-04-23 21:00:00,88.548,27.89,61.17,1.88,4.98,0,0.0
2026-04-23 22:00:00,81.44,27.0,54.35,1.88,3.21,0,0.0
2026-04-23 23:00:00,74.383,31.13,60.19,1.55,0.0,0,0.0
